<?xml version="1.0"?><feed xmlns:idx="urn:atom-extension:indexing" xmlns:media="http://search.yahoo.com/mrss/" xmlns:gr="http://www.google.com/schemas/reader/atom/" xmlns="http://www.w3.org/2005/Atom" idx:index="no" gr:dir="ltr"><!--
Content-type: Preventing XSRF in IE.

--><generator uri="http://www.google.com/reader">Google Reader</generator><id>tag:google.com,2005:reader/feed/http://newsrss.bbc.co.uk/rss/newsonline_world_edition/africa/rss.xml</id><title>BBC News - Africa</title><subtitle type="html">The latest stories from the Africa section of the BBC News web site.</subtitle><gr:continuation>CMj4wrW1-6UC</gr:continuation><link rel="self" href="http://www.google.com/reader/atom/feed/http://newsrss.bbc.co.uk/rss/newsonline_world_edition/africa/rss.xml"/><link rel="alternate" href="http://www.bbc.co.uk/go/rss/int/news/-/news/world/africa/" type="text/html"/><updated>2010-12-22T16:40:41Z</updated><entry gr:is-read-state-locked="true" gr:crawl-timestamp-msec="1293036041248"><id gr:original-id="http://www.bbc.co.uk/news/world-africa-12061497">tag:google.com,2005:reader/item/54e4e38e802cbaf2</id><category term="user/06278703451334277493/state/com.google/read" scheme="http://www.google.com/reader/" label="read"/><title type="html">Four freed over deadly Togo raid</title><published>2010-12-22T16:00:44Z</published><updated>2010-12-22T16:00:44Z</updated><link rel="alternate" href="http://www.bbc.co.uk/go/rss/int/news/-/news/world-africa-12061497" type="text/html"/><summary xml:base="http://www.bbc.co.uk/go/rss/int/news/-/news/world/africa/" type="html">Four human rights activists in Angola jailed in connection with the deadly attack on the Togolese football team in January are freed.</summary><author gr:unknown-author="true"><name>(author unknown)</name></author><source gr:stream-id="feed/http://newsrss.bbc.co.uk/rss/newsonline_world_edition/africa/rss.xml"><id>tag:google.com,2005:reader/feed/http://newsrss.bbc.co.uk/rss/newsonline_world_edition/africa/rss.xml</id><title type="html">BBC News - Africa</title><link rel="alternate" href="http://www.bbc.co.uk/go/rss/int/news/-/news/world/africa/" type="text/html"/></source></entry><entry gr:is-read-state-locked="true" gr:crawl-timestamp-msec="1293031643726"><id gr:original-id="http://www.bbc.co.uk/news/world-africa-12058923">tag:google.com,2005:reader/item/c3de69bf924a2790</id><category term="user/06278703451334277493/state/com.google/read" scheme="http://www.google.com/reader/" label="read"/><title type="html">Mauritius sues over marine park</title><published>2010-12-22T14:58:24Z</published><updated>2010-12-22T14:58:24Z</updated><link rel="alternate" href="http://www.bbc.co.uk/go/rss/int/news/-/news/world-africa-12058923" type="text/html"/><summary xml:base="http://www.bbc.co.uk/go/rss/int/news/-/news/world/africa/" type="html">Mauritius launches a legal action against the UK to contest the creation of a marine park around its Indian Ocean territory, the Chagos Islands.</summary><author gr:unknown-author="true"><name>(author unknown)</name></author><source gr:stream-id="feed/http://newsrss.bbc.co.uk/rss/newsonline_world_edition/africa/rss.xml"><id>tag:google.com,2005:reader/feed/http://newsrss.bbc.co.uk/rss/newsonline_world_edition/africa/rss.xml</id><title type="html">BBC News - Africa</title><link rel="alternate" href="http://www.bbc.co.uk/go/rss/int/news/-/news/world/africa/" type="text/html"/></source></entry><entry gr:is-read-state-locked="true" gr:crawl-timestamp-msec="1293025881050"><id gr:original-id="http://news.bbc.co.uk/sport2/hi/football/africa/9313077.stm">tag:google.com,2005:reader/item/392f8da247817087</id><category term="user/06278703451334277493/state/com.google/read" scheme="http://www.google.com/reader/" label="read"/><title type="html">Kenya calls for correct Fifa path</title><published>2010-12-22T13:23:30Z</published><updated>2010-12-22T13:23:30Z</updated><link rel="alternate" href="http://news.bbc.co.uk/go/rss/int/news/-/sport2/hi/football/africa/9313077.stm" type="text/html"/><summary xml:base="http://www.bbc.co.uk/go/rss/int/news/-/news/world/africa/" type="html">The Kenya Football Federation says football's world governing body needs to follow correct procedure before announcing new administrative elections.</summary><author gr:unknown-author="true"><name>(author unknown)</name></author><source gr:stream-id="feed/http://newsrss.bbc.co.uk/rss/newsonline_world_edition/africa/rss.xml"><id>tag:google.com,2005:reader/feed/http://newsrss.bbc.co.uk/rss/newsonline_world_edition/africa/rss.xml</id><title type="html">BBC News - Africa</title><link rel="alternate" href="http://www.bbc.co.uk/go/rss/int/news/-/news/world/africa/" type="text/html"/></source></entry><entry gr:is-read-state-locked="true" gr:crawl-timestamp-msec="1293022811238"><id gr:original-id="http://news.bbc.co.uk/sport2/hi/football/africa/9312881.stm">tag:google.com,2005:reader/item/3a76cfaaf2f6c2c8</id><category term="user/06278703451334277493/state/com.google/read" scheme="http://www.google.com/reader/" label="read"/><title type="html">Zambia President backs Fifa help</title><published>2010-12-22T12:45:47Z</published><updated>2010-12-22T12:45:47Z</updated><link rel="alternate" href="http://news.bbc.co.uk/go/rss/int/news/-/sport2/hi/football/africa/9312881.stm" type="text/html"/><summary xml:base="http://www.bbc.co.uk/go/rss/int/news/-/news/world/africa/" type="html">Zambian President Rupiah Banda is delighted that Fifa is addressing the wrangles within the Zambian FA.</summary><author gr:unknown-author="true"><name>(author unknown)</name></author><source gr:stream-id="feed/http://newsrss.bbc.co.uk/rss/newsonline_world_edition/africa/rss.xml"><id>tag:google.com,2005:reader/feed/http://newsrss.bbc.co.uk/rss/newsonline_world_edition/africa/rss.xml</id><title type="html">BBC News - Africa</title><link rel="alternate" href="http://www.bbc.co.uk/go/rss/int/news/-/news/world/africa/" type="text/html"/></source></entry><entry gr:is-read-state-locked="true" gr:crawl-timestamp-msec="1293017649378"><id gr:original-id="http://www.bbc.co.uk/news/world-africa-12060037">tag:google.com,2005:reader/item/344819296a024b8a</id><category term="user/06278703451334277493/state/com.google/read" scheme="http://www.google.com/reader/" label="read"/><title type="html">French urged to leave Ivory Coast</title><published>2010-12-22T20:52:06Z</published><updated>2010-12-22T20:52:06Z</updated><link rel="alternate" href="http://www.bbc.co.uk/go/rss/int/news/-/news/world-africa-12060037" type="text/html"/><summary xml:base="http://www.bbc.co.uk/go/rss/int/news/-/news/world/africa/" type="html">The French government urges its nationals in Ivory Coast to leave, as a crisis over disputed elections continues.</summary><author gr:unknown-author="true"><name>(author unknown)</name></author><source gr:stream-id="feed/http://newsrss.bbc.co.uk/rss/newsonline_world_edition/africa/rss.xml"><id>tag:google.com,2005:reader/feed/http://newsrss.bbc.co.uk/rss/newsonline_world_edition/africa/rss.xml</id><title type="html">BBC News - Africa</title><link rel="alternate" href="http://www.bbc.co.uk/go/rss/int/news/-/news/world/africa/" type="text/html"/></source></entry><entry gr:is-read-state-locked="true" gr:crawl-timestamp-msec="1293017649377"><id gr:original-id="http://www.bbc.co.uk/news/world-africa-12058279">tag:google.com,2005:reader/item/e7428f4cf9569093</id><category term="user/06278703451334277493/state/com.google/read" scheme="http://www.google.com/reader/" label="read"/><title type="html">Looted legacy</title><published>2010-12-22T11:14:36Z</published><updated>2010-12-22T11:14:36Z</updated><link rel="alternate" href="http://www.bbc.co.uk/go/rss/int/news/-/news/world-africa-12058279" type="text/html"/><summary xml:base="http://www.bbc.co.uk/go/rss/int/news/-/news/world/africa/" type="html">Is Nigerian nationalism worth dying for?</summary><author gr:unknown-author="true"><name>(author unknown)</name></author><source gr:stream-id="feed/http://newsrss.bbc.co.uk/rss/newsonline_world_edition/africa/rss.xml"><id>tag:google.com,2005:reader/feed/http://newsrss.bbc.co.uk/rss/newsonline_world_edition/africa/rss.xml</id><title type="html">BBC News - Africa</title><link rel="alternate" href="http://www.bbc.co.uk/go/rss/int/news/-/news/world/africa/" type="text/html"/></source></entry><entry gr:is-read-state-locked="true" gr:crawl-timestamp-msec="1293011073052"><id gr:original-id="http://www.bbc.co.uk/news/science-environment-12054343">tag:google.com,2005:reader/item/323b17a7c7a8ac89</id><category term="user/06278703451334277493/state/com.google/read" scheme="http://www.google.com/reader/" label="read"/><title type="html">African elephant 'is two species'</title><published>2010-12-21T21:53:26Z</published><updated>2010-12-21T21:53:26Z</updated><link rel="alternate" href="http://www.bbc.co.uk/go/rss/int/news/-/news/science-environment-12054343" type="text/html"/><summary xml:base="http://www.bbc.co.uk/go/rss/int/news/-/news/world/africa/" type="html">Genetic research claims to have resolved a long-standing issue by showing that African bush and forest elephants are distinct species.</summary><author gr:unknown-author="true"><name>(author unknown)</name></author><source gr:stream-id="feed/http://newsrss.bbc.co.uk/rss/newsonline_world_edition/africa/rss.xml"><id>tag:google.com,2005:reader/feed/http://newsrss.bbc.co.uk/rss/newsonline_world_edition/africa/rss.xml</id><title type="html">BBC News - Africa</title><link rel="alternate" href="http://www.bbc.co.uk/go/rss/int/news/-/news/world/africa/" type="text/html"/></source></entry><entry gr:is-read-state-locked="true" gr:crawl-timestamp-msec="1293009061013"><id gr:original-id="http://www.bbc.co.uk/news/world-africa-12047762">tag:google.com,2005:reader/item/64d3a3557cc1ecba</id><category term="user/06278703451334277493/state/com.google/read" scheme="http://www.google.com/reader/" label="read"/><title type="html">Cocoa high</title><published>2010-12-22T08:30:58Z</published><updated>2010-12-22T08:30:58Z</updated><link rel="alternate" href="http://www.bbc.co.uk/go/rss/int/news/-/news/world-africa-12047762" type="text/html"/><summary xml:base="http://www.bbc.co.uk/go/rss/int/news/-/news/world/africa/" type="html">Will Ivory Coast turmoil make chocolate more expensive?</summary><author gr:unknown-author="true"><name>(author unknown)</name></author><source gr:stream-id="feed/http://newsrss.bbc.co.uk/rss/newsonline_world_edition/africa/rss.xml"><id>tag:google.com,2005:reader/feed/http://newsrss.bbc.co.uk/rss/newsonline_world_edition/africa/rss.xml</id><title type="html">BBC News - Africa</title><link rel="alternate" href="http://www.bbc.co.uk/go/rss/int/news/-/news/world/africa/" type="text/html"/></source></entry><entry gr:is-read-state-locked="true" gr:crawl-timestamp-msec="1292978449446"><id gr:original-id="http://www.bbc.co.uk/news/world-africa-12056444">tag:google.com,2005:reader/item/702bf28edaaa46c9</id><category term="user/06278703451334277493/state/com.google/read" scheme="http://www.google.com/reader/" label="read"/><title type="html">UN chief warns of Ivory Coast war</title><published>2010-12-22T10:53:43Z</published><updated>2010-12-22T10:53:43Z</updated><link rel="alternate" href="http://www.bbc.co.uk/go/rss/int/news/-/news/world-africa-12056444" type="text/html"/><summary xml:base="http://www.bbc.co.uk/go/rss/int/news/-/news/world/africa/" type="html">The UN secretary-general warns there is a "real risk" of a return to civil war in Ivory Coast after the disputed presidential election.</summary><author gr:unknown-author="true"><name>(author unknown)</name></author><source gr:stream-id="feed/http://newsrss.bbc.co.uk/rss/newsonline_world_edition/africa/rss.xml"><id>tag:google.com,2005:reader/feed/http://newsrss.bbc.co.uk/rss/newsonline_world_edition/africa/rss.xml</id><title type="html">BBC News - Africa</title><link rel="alternate" href="http://www.bbc.co.uk/go/rss/int/news/-/news/world/africa/" type="text/html"/></source></entry><entry gr:is-read-state-locked="true" gr:crawl-timestamp-msec="1292950005958"><id gr:original-id="http://www.bbc.co.uk/news/world-africa-12053007">tag:google.com,2005:reader/item/f3c066b303818a0e</id><category term="user/06278703451334277493/state/com.google/read" scheme="http://www.google.com/reader/" label="read"/><title type="html">Kenya blast 'caused by grenade'</title><published>2010-12-21T16:11:54Z</published><updated>2010-12-21T16:11:54Z</updated><link rel="alternate" href="http://www.bbc.co.uk/go/rss/int/news/-/news/world-africa-12053007" type="text/html"/><summary xml:base="http://www.bbc.co.uk/go/rss/int/news/-/news/world/africa/" type="html">A blast at a bus station in the Kenyan capital, Nairobi, was caused by a Tanzanian who dropped a grenade, the country's chief of police says.</summary><author gr:unknown-author="true"><name>(author unknown)</name></author><source gr:stream-id="feed/http://newsrss.bbc.co.uk/rss/newsonline_world_edition/africa/rss.xml"><id>tag:google.com,2005:reader/feed/http://newsrss.bbc.co.uk/rss/newsonline_world_edition/africa/rss.xml</id><title type="html">BBC News - Africa</title><link rel="alternate" href="http://www.bbc.co.uk/go/rss/int/news/-/news/world/africa/" type="text/html"/></source></entry><entry gr:is-read-state-locked="true" gr:crawl-timestamp-msec="1292948145364"><id gr:original-id="http://www.bbc.co.uk/news/world-us-canada-12053679">tag:google.com,2005:reader/item/68ad42c613dd1592</id><category term="user/06278703451334277493/state/com.google/read" scheme="http://www.google.com/reader/" label="read"/><title type="html">Scotland 'pressured over Megrahi'</title><published>2010-12-21T16:04:39Z</published><updated>2010-12-21T16:04:39Z</updated><link rel="alternate" href="http://www.bbc.co.uk/go/rss/int/news/-/news/world-us-canada-12053679" type="text/html"/><summary xml:base="http://www.bbc.co.uk/go/rss/int/news/-/news/world/africa/" type="html">A US Congressional investigation into the release of the convicted Lockerbie bomber, Abdelbasset al-Megrahi, says Scotland was pressured to free him.</summary><author gr:unknown-author="true"><name>(author unknown)</name></author><source gr:stream-id="feed/http://newsrss.bbc.co.uk/rss/newsonline_world_edition/africa/rss.xml"><id>tag:google.com,2005:reader/feed/http://newsrss.bbc.co.uk/rss/newsonline_world_edition/africa/rss.xml</id><title type="html">BBC News - Africa</title><link rel="alternate" href="http://www.bbc.co.uk/go/rss/int/news/-/news/world/africa/" type="text/html"/></source></entry><entry gr:is-read-state-locked="true" gr:crawl-timestamp-msec="1292948145363"><id gr:original-id="http://news.bbc.co.uk/sport2/hi/football/africa/9310290.stm">tag:google.com,2005:reader/item/5393e0c160cb7643</id><category term="user/06278703451334277493/state/com.google/read" scheme="http://www.google.com/reader/" label="read"/><title type="html">Eto'o rejects Africa's best talk</title><published>2010-12-21T15:36:48Z</published><updated>2010-12-21T15:36:48Z</updated><link rel="alternate" href="http://news.bbc.co.uk/go/rss/int/news/-/sport2/hi/football/africa/9310290.stm" type="text/html"/><summary xml:base="http://www.bbc.co.uk/go/rss/int/news/-/news/world/africa/" type="html">The African Footballer of 2010, Samuel Eto'o, denies he is Africa's greatest ever after winning a record fourth title.</summary><author gr:unknown-author="true"><name>(author unknown)</name></author><source gr:stream-id="feed/http://newsrss.bbc.co.uk/rss/newsonline_world_edition/africa/rss.xml"><id>tag:google.com,2005:reader/feed/http://newsrss.bbc.co.uk/rss/newsonline_world_edition/africa/rss.xml</id><title type="html">BBC News - Africa</title><link rel="alternate" href="http://www.bbc.co.uk/go/rss/int/news/-/news/world/africa/" type="text/html"/></source></entry><entry gr:is-read-state-locked="true" gr:crawl-timestamp-msec="1292933639637"><id gr:original-id="http://news.bbc.co.uk/sport2/hi/football/africa/9308715.stm">tag:google.com,2005:reader/item/ff1431dc14d20b85</id><category term="user/06278703451334277493/state/com.google/read" scheme="http://www.google.com/reader/" label="read"/><title type="html">Faz latest: Fifa backs Bwalya</title><published>2010-12-21T11:57:30Z</published><updated>2010-12-21T11:57:30Z</updated><link rel="alternate" href="http://news.bbc.co.uk/go/rss/int/news/-/sport2/hi/football/africa/9308715.stm" type="text/html"/><summary xml:base="http://www.bbc.co.uk/go/rss/int/news/-/news/world/africa/" type="html">Fifa reiterates its support for the Zambian FA chairman.</summary><author gr:unknown-author="true"><name>(author unknown)</name></author><source gr:stream-id="feed/http://newsrss.bbc.co.uk/rss/newsonline_world_edition/africa/rss.xml"><id>tag:google.com,2005:reader/feed/http://newsrss.bbc.co.uk/rss/newsonline_world_edition/africa/rss.xml</id><title type="html">BBC News - Africa</title><link rel="alternate" href="http://www.bbc.co.uk/go/rss/int/news/-/news/world/africa/" type="text/html"/></source></entry><entry gr:is-read-state-locked="true" gr:crawl-timestamp-msec="1292931813505"><id gr:original-id="http://www.bbc.co.uk/news/business-12049723">tag:google.com,2005:reader/item/70441acbd7d4a372</id><category term="user/06278703451334277493/state/com.google/read" scheme="http://www.google.com/reader/" label="read"/><title type="html">BAE fined over Tanzania payments</title><published>2010-12-21T10:43:09Z</published><updated>2010-12-21T10:43:09Z</updated><link rel="alternate" href="http://www.bbc.co.uk/go/rss/int/news/-/news/business-12049723" type="text/html"/><summary xml:base="http://www.bbc.co.uk/go/rss/int/news/-/news/world/africa/" type="html">BAE Systems is fined £500,000 for failing to keep proper records of payments to an adviser on a Tanzania radar deal.</summary><author gr:unknown-author="true"><name>(author unknown)</name></author><source gr:stream-id="feed/http://newsrss.bbc.co.uk/rss/newsonline_world_edition/africa/rss.xml"><id>tag:google.com,2005:reader/feed/http://newsrss.bbc.co.uk/rss/newsonline_world_edition/africa/rss.xml</id><title type="html">BBC News - Africa</title><link rel="alternate" href="http://www.bbc.co.uk/go/rss/int/news/-/news/world/africa/" type="text/html"/></source></entry><entry gr:is-read-state-locked="true" gr:crawl-timestamp-msec="1292928129390"><id gr:original-id="http://www.bbc.co.uk/news/world-africa-12048259">tag:google.com,2005:reader/item/67df05620434040f</id><category term="user/06278703451334277493/state/com.google/read" scheme="http://www.google.com/reader/" label="read"/><title type="html">Gbagbo ally warns of 'UN rebels'</title><published>2010-12-21T17:48:35Z</published><updated>2010-12-21T17:48:35Z</updated><link rel="alternate" href="http://www.bbc.co.uk/go/rss/int/news/-/news/world-africa-12048259" type="text/html"/><summary xml:base="http://www.bbc.co.uk/go/rss/int/news/-/news/world/africa/" type="html">An ally of Ivory Coast's incumbent President Laurent Gbagbo warns UN peacekeepers they could be treated as rebels if they remain in the country after being told to leave.</summary><author gr:unknown-author="true"><name>(author unknown)</name></author><source gr:stream-id="feed/http://newsrss.bbc.co.uk/rss/newsonline_world_edition/africa/rss.xml"><id>tag:google.com,2005:reader/feed/http://newsrss.bbc.co.uk/rss/newsonline_world_edition/africa/rss.xml</id><title type="html">BBC News - Africa</title><link rel="alternate" href="http://www.bbc.co.uk/go/rss/int/news/-/news/world/africa/" type="text/html"/></source></entry><entry gr:is-read-state-locked="true" gr:crawl-timestamp-msec="1292920927001"><id gr:original-id="http://www.bbc.co.uk/news/world-11881792">tag:google.com,2005:reader/item/75e85a362daac24b</id><category term="user/06278703451334277493/state/com.google/read" scheme="http://www.google.com/reader/" label="read"/><title type="html">Red army</title><published>2010-12-21T08:34:42Z</published><updated>2010-12-21T08:34:42Z</updated><link rel="alternate" href="http://www.bbc.co.uk/go/rss/int/news/-/news/world-11881792" type="text/html"/><summary xml:base="http://www.bbc.co.uk/go/rss/int/news/-/news/world/africa/" type="html">Spectacular ritual as Masai warriors become elders</summary><author gr:unknown-author="true"><name>(author unknown)</name></author><source gr:stream-id="feed/http://newsrss.bbc.co.uk/rss/newsonline_world_edition/africa/rss.xml"><id>tag:google.com,2005:reader/feed/http://newsrss.bbc.co.uk/rss/newsonline_world_edition/africa/rss.xml</id><title type="html">BBC News - Africa</title><link rel="alternate" href="http://www.bbc.co.uk/go/rss/int/news/-/news/world/africa/" type="text/html"/></source></entry><entry gr:is-read-state-locked="true" gr:crawl-timestamp-msec="1292881789105"><id gr:original-id="http://www.bbc.co.uk/news/world-africa-12045753">tag:google.com,2005:reader/item/6026ec24d8f76a04</id><category term="user/06278703451334277493/state/com.google/read" scheme="http://www.google.com/reader/" label="read"/><title type="html">Deadly bus station blast in Kenya</title><published>2010-12-21T09:49:48Z</published><updated>2010-12-21T09:49:48Z</updated><link rel="alternate" href="http://www.bbc.co.uk/go/rss/int/news/-/news/world-africa-12045753" type="text/html"/><summary xml:base="http://www.bbc.co.uk/go/rss/int/news/-/news/world/africa/" type="html">At least three people are killed by a bomb explosion on a bus taking travellers from Kenya's capital, Nairobi, to Uganda for Christmas, police say, following warnings of attacks by Somali militants.</summary><author gr:unknown-author="true"><name>(author unknown)</name></author><source gr:stream-id="feed/http://newsrss.bbc.co.uk/rss/newsonline_world_edition/africa/rss.xml"><id>tag:google.com,2005:reader/feed/http://newsrss.bbc.co.uk/rss/newsonline_world_edition/africa/rss.xml</id><title type="html">BBC News - Africa</title><link rel="alternate" href="http://www.bbc.co.uk/go/rss/int/news/-/news/world/africa/" type="text/html"/></source></entry><entry gr:is-read-state-locked="true" gr:crawl-timestamp-msec="1292879473851"><id gr:original-id="http://news.bbc.co.uk/sport2/hi/football/africa/9307060.stm">tag:google.com,2005:reader/item/c803d7f7e1bf92a3</id><category term="user/06278703451334277493/state/com.google/read" scheme="http://www.google.com/reader/" label="read"/><title type="html">Eto'o wins record African award</title><published>2010-12-20T20:46:00Z</published><updated>2010-12-20T20:46:00Z</updated><link rel="alternate" href="http://news.bbc.co.uk/go/rss/int/news/-/sport2/hi/football/africa/9307060.stm" type="text/html"/><summary xml:base="http://www.bbc.co.uk/go/rss/int/news/-/news/world/africa/" type="html">Cameroon's Samuel Eto'o becomes the first man to be named African Player of the Year for a fourth time.</summary><author gr:unknown-author="true"><name>(author unknown)</name></author><source gr:stream-id="feed/http://newsrss.bbc.co.uk/rss/newsonline_world_edition/africa/rss.xml"><id>tag:google.com,2005:reader/feed/http://newsrss.bbc.co.uk/rss/newsonline_world_edition/africa/rss.xml</id><title type="html">BBC News - Africa</title><link rel="alternate" href="http://www.bbc.co.uk/go/rss/int/news/-/news/world/africa/" type="text/html"/></source></entry><entry gr:is-read-state-locked="true" gr:crawl-timestamp-msec="1292874350958"><id gr:original-id="http://www.bbc.co.uk/news/world-africa-12045387">tag:google.com,2005:reader/item/98ca12bac68eea96</id><category term="user/06278703451334277493/state/com.google/read" scheme="http://www.google.com/reader/" label="read"/><title type="html">UN urges recognition of Ouattara</title><published>2010-12-20T23:00:11Z</published><updated>2010-12-20T23:00:11Z</updated><link rel="alternate" href="http://www.bbc.co.uk/go/rss/int/news/-/news/world-africa-12045387" type="text/html"/><summary xml:base="http://www.bbc.co.uk/go/rss/int/news/-/news/world/africa/" type="html">The UN Security Council urges recognition of Alassane Ouattara as Ivory Coast's president and extends the UN peacekeeping mandate.</summary><author gr:unknown-author="true"><name>(author unknown)</name></author><source gr:stream-id="feed/http://newsrss.bbc.co.uk/rss/newsonline_world_edition/africa/rss.xml"><id>tag:google.com,2005:reader/feed/http://newsrss.bbc.co.uk/rss/newsonline_world_edition/africa/rss.xml</id><title type="html">BBC News - Africa</title><link rel="alternate" href="http://www.bbc.co.uk/go/rss/int/news/-/news/world/africa/" type="text/html"/></source></entry><entry gr:is-read-state-locked="true" gr:crawl-timestamp-msec="1292871834315"><id gr:original-id="http://www.bbc.co.uk/news/world-africa-12044782">tag:google.com,2005:reader/item/5794f7b697a61195</id><category term="user/06278703451334277493/state/com.google/read" scheme="http://www.google.com/reader/" label="read"/><title type="html">Trafficked Gabon children rescued</title><published>2010-12-20T18:30:49Z</published><updated>2010-12-20T18:30:49Z</updated><link rel="alternate" href="http://www.bbc.co.uk/go/rss/int/news/-/news/world-africa-12044782" type="text/html"/><summary xml:base="http://www.bbc.co.uk/go/rss/int/news/-/news/world/africa/" type="html">More than 140 children have been rescued after being forced to work in markets in Gabon, says international police agency Interpol.</summary><author gr:unknown-author="true"><name>(author unknown)</name></author><source gr:stream-id="feed/http://newsrss.bbc.co.uk/rss/newsonline_world_edition/africa/rss.xml"><id>tag:google.com,2005:reader/feed/http://newsrss.bbc.co.uk/rss/newsonline_world_edition/africa/rss.xml</id><title type="html">BBC News - Africa</title><link rel="alternate" href="http://www.bbc.co.uk/go/rss/int/news/-/news/world/africa/" type="text/html"/></source></entry></feed>