<?xml version="1.0" encoding="UTF-8"?>
<statuses type="array">
<status>
  <created_at>Wed Apr 20 22:33:07 +0000 2011</created_at>
  <id>60833399132258306</id>
  <text>RT @SanJoseSharks: Watch the @NHL's newest History Will Be Made video featuring last night's incredible comeback by the #Sharks http://b ...</text>
  <source>&lt;a href=&quot;http://mobile.twitter.com&quot; rel=&quot;nofollow&quot;&gt;Twitter for Android&lt;/a&gt;</source>
  <truncated>true</truncated>
  <favorited>false</favorited>
  <in_reply_to_status_id></in_reply_to_status_id>
  <in_reply_to_user_id></in_reply_to_user_id>
  <in_reply_to_screen_name></in_reply_to_screen_name>
  <retweet_count>0</retweet_count>
  <retweeted>false</retweeted>
  <retweeted_status>
    <created_at>Wed Apr 20 22:31:38 +0000 2011</created_at>
    <id>60833028892667904</id>
    <text>Watch the @NHL's newest History Will Be Made video featuring last night's incredible comeback by the #Sharks http://bit.ly/i86L60  #SJSLAK</text>
    <source>&lt;a href=&quot;http://www.tweetdeck.com&quot; rel=&quot;nofollow&quot;&gt;TweetDeck&lt;/a&gt;</source>
    <truncated>false</truncated>
    <favorited>false</favorited>
    <in_reply_to_status_id></in_reply_to_status_id>
    <in_reply_to_user_id></in_reply_to_user_id>
    <in_reply_to_screen_name></in_reply_to_screen_name>
    <retweet_count>0</retweet_count>
    <retweeted>false</retweeted>
    <user>
      <id>27961547</id>
      <name>San Jose Sharks</name>
      <screen_name>SanJoseSharks</screen_name>
      <location>San Jose, CA</location>
      <description>The Official Twitter Page of the San Jose Sharks.</description>
      <profile_image_url>http://a0.twimg.com/profile_images/1014299634/twitter9_normal.jpg</profile_image_url>
      <url>http://SJSHARKS.com</url>
      <protected>false</protected>
      <followers_count>29603</followers_count>
      <profile_background_color>00788b</profile_background_color>
      <profile_text_color>00788b</profile_text_color>
      <profile_link_color>f3901d</profile_link_color>
      <profile_sidebar_fill_color>000000</profile_sidebar_fill_color>
      <profile_sidebar_border_color>f3901d</profile_sidebar_border_color>
      <friends_count>78</friends_count>
      <created_at>Tue Mar 31 20:57:57 +0000 2009</created_at>
      <favourites_count>23</favourites_count>
      <utc_offset>-28800</utc_offset>
      <time_zone>Pacific Time (US &amp; Canada)</time_zone>
      <profile_background_image_url>http://a3.twimg.com/profile_background_images/32524835/twitter7.jpg</profile_background_image_url>
      <profile_background_tile>false</profile_background_tile>
      <profile_use_background_image>true</profile_use_background_image>
      <notifications>false</notifications>
      <geo_enabled>false</geo_enabled>
      <verified>true</verified>
      <following>false</following>
      <statuses_count>1699</statuses_count>
      <lang>en</lang>
      <contributors_enabled>true</contributors_enabled>
      <follow_request_sent>false</follow_request_sent>
      <listed_count>1732</listed_count>
      <show_all_inline_media>false</show_all_inline_media>
      <default_profile>false</default_profile>
      <default_profile_image>false</default_profile_image>
      <is_translator>false</is_translator>
    </user>
    <geo/>
    <coordinates/>
    <place/>
    <contributors/>
  </retweeted_status>
  <user>
    <id>14208894</id>
    <name>brooke</name>
    <screen_name>b2therooke</screen_name>
    <location>california</location>
    <description>i'm neat</description>
    <profile_image_url>http://a1.twimg.com/profile_images/58567276/2755186893_c7b31b651b_b_normal.jpg</profile_image_url>
    <url></url>
    <protected>false</protected>
    <followers_count>97</followers_count>
    <profile_background_color>000000</profile_background_color>
    <profile_text_color>000000</profile_text_color>
    <profile_link_color>777777</profile_link_color>
    <profile_sidebar_fill_color>F5C7C9</profile_sidebar_fill_color>
    <profile_sidebar_border_color>000000</profile_sidebar_border_color>
    <friends_count>96</friends_count>
    <created_at>Mon Mar 24 17:16:26 +0000 2008</created_at>
    <favourites_count>4</favourites_count>
    <utc_offset>-28800</utc_offset>
    <time_zone>Pacific Time (US &amp; Canada)</time_zone>
    <profile_background_image_url>http://a0.twimg.com/profile_background_images/66730001/ahflowerscribble.br.jpg</profile_background_image_url>
    <profile_background_tile>false</profile_background_tile>
    <profile_use_background_image>true</profile_use_background_image>
    <notifications>false</notifications>
    <geo_enabled>false</geo_enabled>
    <verified>false</verified>
    <following>true</following>
    <statuses_count>3319</statuses_count>
    <lang>en</lang>
    <contributors_enabled>false</contributors_enabled>
    <follow_request_sent>false</follow_request_sent>
    <listed_count>3</listed_count>
    <show_all_inline_media>false</show_all_inline_media>
    <default_profile>false</default_profile>
    <default_profile_image>false</default_profile_image>
    <is_translator>false</is_translator>
  </user>
  <geo/>
  <coordinates/>
  <place/>
  <contributors/>
</status>
<status>
  <created_at>Wed Apr 20 22:25:45 +0000 2011</created_at>
  <id>60831548257214464</id>
  <text>RT @jfarcand: Just added support for file sharing regions upload of the same file in AHC. Mini bittorent supports like :-). In #jcloud s ...</text>
  <source>&lt;a href=&quot;http://twitter.com/&quot; rel=&quot;nofollow&quot;&gt;Twitter for iPhone&lt;/a&gt;</source>
  <truncated>true</truncated>
  <favorited>false</favorited>
  <in_reply_to_status_id></in_reply_to_status_id>
  <in_reply_to_user_id></in_reply_to_user_id>
  <in_reply_to_screen_name></in_reply_to_screen_name>
  <retweet_count>1</retweet_count>
  <retweeted>false</retweeted>
  <retweeted_status>
    <created_at>Wed Apr 20 21:15:13 +0000 2011</created_at>
    <id>60813797417422848</id>
    <text>Just added support for file sharing regions upload of the same file in AHC. Mini bittorent supports like :-). In #jcloud soon. #ahc 1.6.4</text>
    <source>&lt;a href=&quot;http://twitter.com&quot; rel=&quot;nofollow&quot;&gt;Tweetie for Mac&lt;/a&gt;</source>
    <truncated>false</truncated>
    <favorited>false</favorited>
    <in_reply_to_status_id></in_reply_to_status_id>
    <in_reply_to_user_id></in_reply_to_user_id>
    <in_reply_to_screen_name></in_reply_to_screen_name>
    <retweet_count>1</retweet_count>
    <retweeted>false</retweeted>
    <user>
      <id>18298703</id>
      <name>jfarcand</name>
      <screen_name>jfarcand</screen_name>
      <location>Pr&#233;vost</location>
      <description>Objecteur de croissance, Open Source worker, etc ... I am the creator of @atmo_framework</description>
      <profile_image_url>http://a2.twimg.com/profile_images/1292846058/pouet_normal.png</profile_image_url>
      <url>http://jfarcand.wordpress.com/</url>
      <protected>false</protected>
      <followers_count>681</followers_count>
      <profile_background_color>9AE4E8</profile_background_color>
      <profile_text_color>333333</profile_text_color>
      <profile_link_color>0084B4</profile_link_color>
      <profile_sidebar_fill_color>DDFFCC</profile_sidebar_fill_color>
      <profile_sidebar_border_color>BDDCAD</profile_sidebar_border_color>
      <friends_count>98</friends_count>
      <created_at>Mon Dec 22 02:46:16 +0000 2008</created_at>
      <favourites_count>0</favourites_count>
      <utc_offset>-21600</utc_offset>
      <time_zone>Central Time (US &amp; Canada)</time_zone>
      <profile_background_image_url>http://a2.twimg.com/profile_background_images/56304182/IMG_0157.jpg</profile_background_image_url>
      <profile_background_tile>false</profile_background_tile>
      <profile_use_background_image>true</profile_use_background_image>
      <notifications>false</notifications>
      <geo_enabled>false</geo_enabled>
      <verified>false</verified>
      <following>true</following>
      <statuses_count>2018</statuses_count>
      <lang>en</lang>
      <contributors_enabled>false</contributors_enabled>
      <follow_request_sent>false</follow_request_sent>
      <listed_count>56</listed_count>
      <show_all_inline_media>false</show_all_inline_media>
      <default_profile>false</default_profile>
      <default_profile_image>false</default_profile_image>
      <is_translator>false</is_translator>
    </user>
    <geo/>
    <coordinates/>
    <place/>
    <contributors/>
  </retweeted_status>
  <user>
    <id>16166414</id>
    <name>Stuart McCulloch</name>
    <screen_name>mcculls</screen_name>
    <location>Kenilworth</location>
    <description>Three computers, two cats, one adorable wife</description>
    <profile_image_url>http://a0.twimg.com/profile_images/59578326/hmm_normal.png</profile_image_url>
    <url>http://mcculls.blogspot.com</url>
    <protected>false</protected>
    <followers_count>227</followers_count>
    <profile_background_color>C0DEED</profile_background_color>
    <profile_text_color>333333</profile_text_color>
    <profile_link_color>0084B4</profile_link_color>
    <profile_sidebar_fill_color>DDEEF6</profile_sidebar_fill_color>
    <profile_sidebar_border_color>C0DEED</profile_sidebar_border_color>
    <friends_count>76</friends_count>
    <created_at>Sun Sep 07 05:22:51 +0000 2008</created_at>
    <favourites_count>0</favourites_count>
    <utc_offset>0</utc_offset>
    <time_zone>London</time_zone>
    <profile_background_image_url>http://a3.twimg.com/a/1303316982/images/themes/theme1/bg.png</profile_background_image_url>
    <profile_background_tile>false</profile_background_tile>
    <profile_use_background_image>true</profile_use_background_image>
    <notifications>false</notifications>
    <geo_enabled>false</geo_enabled>
    <verified>false</verified>
    <following>false</following>
    <statuses_count>1923</statuses_count>
    <lang>en</lang>
    <contributors_enabled>false</contributors_enabled>
    <follow_request_sent>false</follow_request_sent>
    <listed_count>16</listed_count>
    <show_all_inline_media>false</show_all_inline_media>
    <default_profile>true</default_profile>
    <default_profile_image>false</default_profile_image>
    <is_translator>false</is_translator>
  </user>
  <geo/>
  <coordinates/>
  <place/>
  <contributors/>
</status>
<status>
  <created_at>Wed Apr 20 22:18:12 +0000 2011</created_at>
  <id>60829646584938496</id>
  <text>RT @hotforwords: Girls believe in what they hear and boys in what they see, that's why girls wear make up and boys lie...</text>
  <source>&lt;a href=&quot;http://mobile.twitter.com&quot; rel=&quot;nofollow&quot;&gt;Twitter for Android&lt;/a&gt;</source>
  <truncated>false</truncated>
  <favorited>false</favorited>
  <in_reply_to_status_id></in_reply_to_status_id>
  <in_reply_to_user_id></in_reply_to_user_id>
  <in_reply_to_screen_name></in_reply_to_screen_name>
  <retweet_count>0</retweet_count>
  <retweeted>false</retweeted>
  <retweeted_status>
    <created_at>Wed Apr 20 14:20:13 +0000 2011</created_at>
    <id>60709359147171840</id>
    <text>Girls believe in what they hear and boys in what they see, that's why girls wear make up and boys lie...</text>
    <source>&lt;a href=&quot;http://twitter.com/&quot; rel=&quot;nofollow&quot;&gt;Twitter for iPhone&lt;/a&gt;</source>
    <truncated>false</truncated>
    <favorited>false</favorited>
    <in_reply_to_status_id></in_reply_to_status_id>
    <in_reply_to_user_id></in_reply_to_user_id>
    <in_reply_to_screen_name></in_reply_to_screen_name>
    <retweet_count>0</retweet_count>
    <retweeted>false</retweeted>
    <user>
      <id>15227650</id>
      <name>Marina Orlova</name>
      <screen_name>hotforwords</screen_name>
      <location>Los Angeles</location>
      <description>Philologist.  Putting the LOL in PhiLOLogy :-)</description>
      <profile_image_url>http://a3.twimg.com/profile_images/1286057133/Marina0024MasterTIF_normal.jpg</profile_image_url>
      <url>http://www.hotforwords.com</url>
      <protected>false</protected>
      <followers_count>38649</followers_count>
      <profile_background_color>FFF04D</profile_background_color>
      <profile_text_color>333333</profile_text_color>
      <profile_link_color>0099CC</profile_link_color>
      <profile_sidebar_fill_color>f6ffd1</profile_sidebar_fill_color>
      <profile_sidebar_border_color>fff8ad</profile_sidebar_border_color>
      <friends_count>164</friends_count>
      <created_at>Wed Jun 25 04:44:45 +0000 2008</created_at>
      <favourites_count>2</favourites_count>
      <utc_offset>-28800</utc_offset>
      <time_zone>Pacific Time (US &amp; Canada)</time_zone>
      <profile_background_image_url>http://a3.twimg.com/profile_background_images/199908976/_MG_8441-1.JPG</profile_background_image_url>
      <profile_background_tile>true</profile_background_tile>
      <profile_use_background_image>true</profile_use_background_image>
      <notifications>false</notifications>
      <geo_enabled>false</geo_enabled>
      <verified>false</verified>
      <following>false</following>
      <statuses_count>7112</statuses_count>
      <lang>en</lang>
      <contributors_enabled>false</contributors_enabled>
      <follow_request_sent>false</follow_request_sent>
      <listed_count>1639</listed_count>
      <show_all_inline_media>true</show_all_inline_media>
      <default_profile>false</default_profile>
      <default_profile_image>false</default_profile_image>
      <is_translator>false</is_translator>
    </user>
    <geo/>
    <coordinates/>
    <place/>
    <contributors/>
  </retweeted_status>
  <user>
    <id>219781561</id>
    <name>Graham Cale</name>
    <screen_name>grahamcale</screen_name>
    <location>Kitchener, ON</location>
    <description>news junkie.</description>
    <profile_image_url>http://a1.twimg.com/profile_images/1181276241/image_normal.jpg</profile_image_url>
    <url>http://www.google.com/reader/shared/graham.cale</url>
    <protected>false</protected>
    <followers_count>14</followers_count>
    <profile_background_color>251810</profile_background_color>
    <profile_text_color>a98e6f</profile_text_color>
    <profile_link_color>94a4ae</profile_link_color>
    <profile_sidebar_fill_color>1d110a</profile_sidebar_fill_color>
    <profile_sidebar_border_color>94a4ae</profile_sidebar_border_color>
    <friends_count>49</friends_count>
    <created_at>Thu Nov 25 21:29:04 +0000 2010</created_at>
    <favourites_count>0</favourites_count>
    <utc_offset>-21600</utc_offset>
    <time_zone>Central Time (US &amp; Canada)</time_zone>
    <profile_background_image_url>http://a0.twimg.com/profile_background_images/178310231/x50baa944daf25caf24f2a2ff5a19f59.jpg</profile_background_image_url>
    <profile_background_tile>false</profile_background_tile>
    <profile_use_background_image>true</profile_use_background_image>
    <notifications>false</notifications>
    <geo_enabled>false</geo_enabled>
    <verified>false</verified>
    <following>true</following>
    <statuses_count>128</statuses_count>
    <lang>en</lang>
    <contributors_enabled>false</contributors_enabled>
    <follow_request_sent>false</follow_request_sent>
    <listed_count>0</listed_count>
    <show_all_inline_media>false</show_all_inline_media>
    <default_profile>false</default_profile>
    <default_profile_image>false</default_profile_image>
    <is_translator>false</is_translator>
  </user>
  <geo/>
  <coordinates/>
  <place/>
  <contributors/>
</status>
<status>
  <created_at>Wed Apr 20 22:17:15 +0000 2011</created_at>
  <id>60829408910520320</id>
  <text>RT @richardleggett: We just played wedraw.tv, great fun, iPhone, iPad, Androids &amp; GoogleTV all playing together. TV social gaming win. G ...</text>
  <source>&lt;a href=&quot;http://seesmic.com/app&quot; rel=&quot;nofollow&quot;&gt;Seesmic Web&lt;/a&gt;</source>
  <truncated>true</truncated>
  <favorited>false</favorited>
  <in_reply_to_status_id></in_reply_to_status_id>
  <in_reply_to_user_id></in_reply_to_user_id>
  <in_reply_to_screen_name></in_reply_to_screen_name>
  <retweet_count>0</retweet_count>
  <retweeted>false</retweeted>
  <retweeted_status>
    <created_at>Wed Apr 20 19:49:18 +0000 2011</created_at>
    <id>60792172630380544</id>
    <text>We just played wedraw.tv, great fun, iPhone, iPad, Androids &amp; GoogleTV all playing together. TV social gaming win. Great job @thinkmovl</text>
    <source>&lt;a href=&quot;http://www.tweetdeck.com&quot; rel=&quot;nofollow&quot;&gt;TweetDeck&lt;/a&gt;</source>
    <truncated>false</truncated>
    <favorited>false</favorited>
    <in_reply_to_status_id></in_reply_to_status_id>
    <in_reply_to_user_id></in_reply_to_user_id>
    <in_reply_to_screen_name></in_reply_to_screen_name>
    <retweet_count>0</retweet_count>
    <retweeted>false</retweeted>
    <user>
      <id>20758989</id>
      <name>Richard Leggett</name>
      <screen_name>richardleggett</screen_name>
      <location>Milton Keynes</location>
      <description>Founder of Valis Interactive. Develops Mobile Android/Win Phone 7/iOS, Flash, Flex, AIR.</description>
      <profile_image_url>http://a3.twimg.com/profile_images/1167979493/concretecowboy_icon_normal.jpg</profile_image_url>
      <url>http://www.richardleggett.co.uk</url>
      <protected>false</protected>
      <followers_count>879</followers_count>
      <profile_background_color>131516</profile_background_color>
      <profile_text_color>333333</profile_text_color>
      <profile_link_color>009999</profile_link_color>
      <profile_sidebar_fill_color>efefef</profile_sidebar_fill_color>
      <profile_sidebar_border_color>eeeeee</profile_sidebar_border_color>
      <friends_count>424</friends_count>
      <created_at>Fri Feb 13 09:30:10 +0000 2009</created_at>
      <favourites_count>11</favourites_count>
      <utc_offset>0</utc_offset>
      <time_zone>London</time_zone>
      <profile_background_image_url>http://a2.twimg.com/a/1302888170/images/themes/theme14/bg.gif</profile_background_image_url>
      <profile_background_tile>true</profile_background_tile>
      <profile_use_background_image>true</profile_use_background_image>
      <notifications>false</notifications>
      <geo_enabled>false</geo_enabled>
      <verified>false</verified>
      <following>false</following>
      <statuses_count>7427</statuses_count>
      <lang>en</lang>
      <contributors_enabled>false</contributors_enabled>
      <follow_request_sent>false</follow_request_sent>
      <listed_count>86</listed_count>
      <show_all_inline_media>true</show_all_inline_media>
      <default_profile>false</default_profile>
      <default_profile_image>false</default_profile_image>
      <is_translator>false</is_translator>
    </user>
    <geo/>
    <coordinates/>
    <place/>
    <contributors/>
  </retweeted_status>
  <user>
    <id>18904477</id>
    <name>Charlie Collins</name>
    <screen_name>CharlieCollins</screen_name>
    <location>Atlanta, GA, US</location>
    <description>Father, husband, code grunt, author.</description>
    <profile_image_url>http://a0.twimg.com/profile_images/599143959/ch5_normal.jpg</profile_image_url>
    <url>http://www.google.com/profiles/charlie.collins</url>
    <protected>false</protected>
    <followers_count>250</followers_count>
    <profile_background_color>9AE4E8</profile_background_color>
    <profile_text_color>333333</profile_text_color>
    <profile_link_color>0084B4</profile_link_color>
    <profile_sidebar_fill_color>DDFFCC</profile_sidebar_fill_color>
    <profile_sidebar_border_color>BDDCAD</profile_sidebar_border_color>
    <friends_count>167</friends_count>
    <created_at>Mon Jan 12 16:01:37 +0000 2009</created_at>
    <favourites_count>7</favourites_count>
    <utc_offset>-18000</utc_offset>
    <time_zone>Eastern Time (US &amp; Canada)</time_zone>
    <profile_background_image_url>http://a1.twimg.com/profile_background_images/5453734/orange_wall_cut.jpg</profile_background_image_url>
    <profile_background_tile>false</profile_background_tile>
    <profile_use_background_image>true</profile_use_background_image>
    <notifications>false</notifications>
    <geo_enabled>false</geo_enabled>
    <verified>false</verified>
    <following>true</following>
    <statuses_count>2748</statuses_count>
    <lang>en</lang>
    <contributors_enabled>false</contributors_enabled>
    <follow_request_sent>false</follow_request_sent>
    <listed_count>26</listed_count>
    <show_all_inline_media>false</show_all_inline_media>
    <default_profile>false</default_profile>
    <default_profile_image>false</default_profile_image>
    <is_translator>false</is_translator>
  </user>
  <geo/>
  <coordinates/>
  <place/>
  <contributors/>
</status>
<status>
  <created_at>Wed Apr 20 22:13:24 +0000 2011</created_at>
  <id>60828439833350144</id>
  <text>Saskboy Rips Down This Wall: http://t.co/cPeDaB9 - Brad Wall unfairly attacks @M_Ignatieff, so I fairly rip Wall. #skpoli #cdnpoli #elxn41</text>
  <source>&lt;a href=&quot;http://twitter.com/tweetbutton&quot; rel=&quot;nofollow&quot;&gt;Tweet Button&lt;/a&gt;</source>
  <truncated>false</truncated>
  <favorited>false</favorited>
  <in_reply_to_status_id></in_reply_to_status_id>
  <in_reply_to_user_id></in_reply_to_user_id>
  <in_reply_to_screen_name></in_reply_to_screen_name>
  <retweet_count>0</retweet_count>
  <retweeted>false</retweeted>
  <user>
    <id>6634632</id>
    <name>Saskboy K.</name>
    <screen_name>saskboy</screen_name>
    <location>Saskatchewan, Canada</location>
    <description>A Saskatchewan Blogger living in Regina</description>
    <profile_image_url>http://a1.twimg.com/profile_images/1174293129/Img_6178riders_normal.jpg</profile_image_url>
    <url>http://www.abandonedstuff.com</url>
    <protected>false</protected>
    <followers_count>858</followers_count>
    <profile_background_color>1A1B1F</profile_background_color>
    <profile_text_color>666666</profile_text_color>
    <profile_link_color>2FC2EF</profile_link_color>
    <profile_sidebar_fill_color>252429</profile_sidebar_fill_color>
    <profile_sidebar_border_color>181A1E</profile_sidebar_border_color>
    <friends_count>580</friends_count>
    <created_at>Thu Jun 07 04:43:39 +0000 2007</created_at>
    <favourites_count>957</favourites_count>
    <utc_offset>-21600</utc_offset>
    <time_zone>Saskatchewan</time_zone>
    <profile_background_image_url>http://a2.twimg.com/profile_background_images/10281422/twitrgrid.JPG</profile_background_image_url>
    <profile_background_tile>false</profile_background_tile>
    <profile_use_background_image>true</profile_use_background_image>
    <notifications>false</notifications>
    <geo_enabled>false</geo_enabled>
    <verified>false</verified>
    <following>false</following>
    <statuses_count>5715</statuses_count>
    <lang>en</lang>
    <contributors_enabled>false</contributors_enabled>
    <follow_request_sent>false</follow_request_sent>
    <listed_count>58</listed_count>
    <show_all_inline_media>false</show_all_inline_media>
    <default_profile>false</default_profile>
    <default_profile_image>false</default_profile_image>
    <is_translator>false</is_translator>
  </user>
  <geo/>
  <coordinates/>
  <place/>
  <contributors/>
</status>
<status>
  <created_at>Wed Apr 20 22:02:52 +0000 2011</created_at>
  <id>60825788555079681</id>
  <text>RT @NacionalRecords: $3.99 on @AmazonMP3! @BombaEstereo @DJAfro Los @AmgsInvisibles @Monareta @Nortec_Fussible @ThePinkerTones http://am ...</text>
  <source>&lt;a href=&quot;http://www.tweetdeck.com&quot; rel=&quot;nofollow&quot;&gt;TweetDeck&lt;/a&gt;</source>
  <truncated>true</truncated>
  <favorited>false</favorited>
  <in_reply_to_status_id></in_reply_to_status_id>
  <in_reply_to_user_id></in_reply_to_user_id>
  <in_reply_to_screen_name></in_reply_to_screen_name>
  <retweet_count>1</retweet_count>
  <retweeted>false</retweeted>
  <retweeted_status>
    <created_at>Wed Apr 20 21:55:37 +0000 2011</created_at>
    <id>60823963495956480</id>
    <text>$3.99 on @AmazonMP3! @BombaEstereo @DJAfro Los @AmgsInvisibles @Monareta @Nortec_Fussible @ThePinkerTones http://amzn.to/e6GWZG</text>
    <source>web</source>
    <truncated>false</truncated>
    <favorited>false</favorited>
    <in_reply_to_status_id></in_reply_to_status_id>
    <in_reply_to_user_id></in_reply_to_user_id>
    <in_reply_to_screen_name></in_reply_to_screen_name>
    <retweet_count>1</retweet_count>
    <retweeted>false</retweeted>
    <user>
      <id>31560203</id>
      <name>Nacional Records</name>
      <screen_name>NacionalRecords</screen_name>
      <location>North Hollywood, CA</location>
      <description>Manu Chao, Fabulosos Cadillacs, Nortec Collective, Aterciopelados, Amigos Invisibles, Mexican Institute of Sound, Bomba Estereo, Ana Tijoux, Pacha Massive y mas</description>
      <profile_image_url>http://a3.twimg.com/profile_images/1081992285/iTunes-essentials3_normal.jpg</profile_image_url>
      <url>http://www.nacionalrecords.com/</url>
      <protected>false</protected>
      <followers_count>8899</followers_count>
      <profile_background_color>07090b</profile_background_color>
      <profile_text_color>1c1f23</profile_text_color>
      <profile_link_color>c34242</profile_link_color>
      <profile_sidebar_fill_color>c9c9c9</profile_sidebar_fill_color>
      <profile_sidebar_border_color>bfbfbf</profile_sidebar_border_color>
      <friends_count>2579</friends_count>
      <created_at>Wed Apr 15 23:29:11 +0000 2009</created_at>
      <favourites_count>1</favourites_count>
      <utc_offset>-28800</utc_offset>
      <time_zone>Pacific Time (US &amp; Canada)</time_zone>
      <profile_background_image_url>http://a1.twimg.com/profile_background_images/124317630/x044fab92d37ca58eac62f5d9a8db1a1.png</profile_background_image_url>
      <profile_background_tile>true</profile_background_tile>
      <profile_use_background_image>true</profile_use_background_image>
      <notifications>false</notifications>
      <geo_enabled>false</geo_enabled>
      <verified>true</verified>
      <following>true</following>
      <statuses_count>7366</statuses_count>
      <lang>en</lang>
      <contributors_enabled>true</contributors_enabled>
      <follow_request_sent>false</follow_request_sent>
      <listed_count>329</listed_count>
      <show_all_inline_media>false</show_all_inline_media>
      <default_profile>false</default_profile>
      <default_profile_image>false</default_profile_image>
      <is_translator>false</is_translator>
    </user>
    <geo/>
    <coordinates/>
    <place/>
    <contributors/>
  </retweeted_status>
  <user>
    <id>14740219</id>
    <name>Amazon MP3</name>
    <screen_name>amazonmp3</screen_name>
    <location>Seattle</location>
    <description>Daily Deals and special sales on DRM-free, play-anywhere music downloads from Amazon. The official Amazon MP3 twitter feed.</description>
    <profile_image_url>http://a3.twimg.com/profile_images/340137940/twitteravatar_normal.jpeg</profile_image_url>
    <url>http://www.amazonmp3.com</url>
    <protected>false</protected>
    <followers_count>1539675</followers_count>
    <profile_background_color>000000</profile_background_color>
    <profile_text_color>000000</profile_text_color>
    <profile_link_color>669933</profile_link_color>
    <profile_sidebar_fill_color>ebebeb</profile_sidebar_fill_color>
    <profile_sidebar_border_color>99cc33</profile_sidebar_border_color>
    <friends_count>698</friends_count>
    <created_at>Mon May 12 04:02:08 +0000 2008</created_at>
    <favourites_count>28</favourites_count>
    <utc_offset>-28800</utc_offset>
    <time_zone>Pacific Time (US &amp; Canada)</time_zone>
    <profile_background_image_url>http://a3.twimg.com/profile_background_images/53396456/bg_w_url.gif</profile_background_image_url>
    <profile_background_tile>false</profile_background_tile>
    <profile_use_background_image>true</profile_use_background_image>
    <notifications>false</notifications>
    <geo_enabled>false</geo_enabled>
    <verified>true</verified>
    <following>false</following>
    <statuses_count>3433</statuses_count>
    <lang>en</lang>
    <contributors_enabled>true</contributors_enabled>
    <follow_request_sent>false</follow_request_sent>
    <listed_count>8251</listed_count>
    <show_all_inline_media>false</show_all_inline_media>
    <default_profile>false</default_profile>
    <default_profile_image>false</default_profile_image>
    <is_translator>false</is_translator>
  </user>
  <geo/>
  <coordinates/>
  <place/>
  <contributors/>
</status>
<status>
  <created_at>Wed Apr 20 22:02:02 +0000 2011</created_at>
  <id>60825579515162624</id>
  <text>RT @meporter: Only 5 days left to apply for our Start Up, Boot Up competition! Nice write up today on it - http://t.co/tHFTXZg #contegix</text>
  <source>&lt;a href=&quot;http://www.nambu.com/&quot; rel=&quot;nofollow&quot;&gt;Nambu&lt;/a&gt;</source>
  <truncated>false</truncated>
  <favorited>false</favorited>
  <in_reply_to_status_id></in_reply_to_status_id>
  <in_reply_to_user_id></in_reply_to_user_id>
  <in_reply_to_screen_name></in_reply_to_screen_name>
  <retweet_count>0</retweet_count>
  <retweeted>false</retweeted>
  <retweeted_status>
    <created_at>Wed Apr 20 21:18:23 +0000 2011</created_at>
    <id>60814594846887936</id>
    <text>Only 5 days left to apply for our Start Up, Boot Up competition! Nice write up today on it - http://t.co/tHFTXZg #contegix</text>
    <source>&lt;a href=&quot;http://itunes.apple.com/us/app/twitter/id409789998?mt=12&quot; rel=&quot;nofollow&quot;&gt;Twitter for Mac&lt;/a&gt;</source>
    <truncated>false</truncated>
    <favorited>false</favorited>
    <in_reply_to_status_id></in_reply_to_status_id>
    <in_reply_to_user_id></in_reply_to_user_id>
    <in_reply_to_screen_name></in_reply_to_screen_name>
    <retweet_count>0</retweet_count>
    <retweeted>false</retweeted>
    <user>
      <id>10742502</id>
      <name>Matthew E. Porter</name>
      <screen_name>meporter</screen_name>
      <location>Saint Louis, MO</location>
      <description>Father, geek, entrepreneur - in that order.</description>
      <profile_image_url>http://a3.twimg.com/profile_images/1242839739/161641_664286491_2805878_n_normal.jpg</profile_image_url>
      <url>http://www.porterhome.com/blog/matthew</url>
      <protected>false</protected>
      <followers_count>694</followers_count>
      <profile_background_color>C0DEED</profile_background_color>
      <profile_text_color>333333</profile_text_color>
      <profile_link_color>0084B4</profile_link_color>
      <profile_sidebar_fill_color>DDEEF6</profile_sidebar_fill_color>
      <profile_sidebar_border_color>C0DEED</profile_sidebar_border_color>
      <friends_count>592</friends_count>
      <created_at>Fri Nov 30 16:15:23 +0000 2007</created_at>
      <favourites_count>14</favourites_count>
      <utc_offset>-21600</utc_offset>
      <time_zone>Central Time (US &amp; Canada)</time_zone>
      <profile_background_image_url>http://a3.twimg.com/a/1302646548/images/themes/theme1/bg.png</profile_background_image_url>
      <profile_background_tile>false</profile_background_tile>
      <profile_use_background_image>true</profile_use_background_image>
      <notifications>false</notifications>
      <geo_enabled>false</geo_enabled>
      <verified>false</verified>
      <following>false</following>
      <statuses_count>4804</statuses_count>
      <lang>en</lang>
      <contributors_enabled>false</contributors_enabled>
      <follow_request_sent>false</follow_request_sent>
      <listed_count>45</listed_count>
      <show_all_inline_media>false</show_all_inline_media>
      <default_profile>true</default_profile>
      <default_profile_image>false</default_profile_image>
      <is_translator>false</is_translator>
    </user>
    <geo/>
    <coordinates/>
    <place/>
    <contributors/>
  </retweeted_status>
  <user>
    <id>14569541</id>
    <name>Alex Miller</name>
    <screen_name>puredanger</screen_name>
    <location>St. Louis</location>
    <description>Java, Clojure, JVM, concurrency, sem web, Strange Loop, Lambda Lounge, Revelytix, nachos, beer, music</description>
    <profile_image_url>http://a3.twimg.com/profile_images/547362531/nachos_normal.jpg</profile_image_url>
    <url>http://tech.puredanger.com</url>
    <protected>false</protected>
    <followers_count>3977</followers_count>
    <profile_background_color>000000</profile_background_color>
    <profile_text_color>000000</profile_text_color>
    <profile_link_color>43556b</profile_link_color>
    <profile_sidebar_fill_color>b9e250</profile_sidebar_fill_color>
    <profile_sidebar_border_color>000000</profile_sidebar_border_color>
    <friends_count>4286</friends_count>
    <created_at>Mon Apr 28 14:04:13 +0000 2008</created_at>
    <favourites_count>13</favourites_count>
    <utc_offset>-21600</utc_offset>
    <time_zone>Central Time (US &amp; Canada)</time_zone>
    <profile_background_image_url>http://a1.twimg.com/profile_background_images/56421963/DSC_0081.JPG</profile_background_image_url>
    <profile_background_tile>true</profile_background_tile>
    <profile_use_background_image>true</profile_use_background_image>
    <notifications>false</notifications>
    <geo_enabled>false</geo_enabled>
    <verified>false</verified>
    <following>true</following>
    <statuses_count>7697</statuses_count>
    <lang>en</lang>
    <contributors_enabled>false</contributors_enabled>
    <follow_request_sent>false</follow_request_sent>
    <listed_count>378</listed_count>
    <show_all_inline_media>true</show_all_inline_media>
    <default_profile>false</default_profile>
    <default_profile_image>false</default_profile_image>
    <is_translator>false</is_translator>
  </user>
  <geo/>
  <coordinates/>
  <place/>
  <contributors/>
</status>
<status>
  <created_at>Wed Apr 20 22:01:45 +0000 2011</created_at>
  <id>60825505389219840</id>
  <text>RT @strangeloop_stl Have I mentioned that Steve Yegge is coming to #strangeloop this year?  'cause he is.</text>
  <source>&lt;a href=&quot;http://www.nambu.com/&quot; rel=&quot;nofollow&quot;&gt;Nambu&lt;/a&gt;</source>
  <truncated>false</truncated>
  <favorited>false</favorited>
  <in_reply_to_status_id></in_reply_to_status_id>
  <in_reply_to_user_id></in_reply_to_user_id>
  <in_reply_to_screen_name></in_reply_to_screen_name>
  <retweet_count>0</retweet_count>
  <retweeted>false</retweeted>
  <user>
    <id>14569541</id>
    <name>Alex Miller</name>
    <screen_name>puredanger</screen_name>
    <location>St. Louis</location>
    <description>Java, Clojure, JVM, concurrency, sem web, Strange Loop, Lambda Lounge, Revelytix, nachos, beer, music</description>
    <profile_image_url>http://a3.twimg.com/profile_images/547362531/nachos_normal.jpg</profile_image_url>
    <url>http://tech.puredanger.com</url>
    <protected>false</protected>
    <followers_count>3977</followers_count>
    <profile_background_color>000000</profile_background_color>
    <profile_text_color>000000</profile_text_color>
    <profile_link_color>43556b</profile_link_color>
    <profile_sidebar_fill_color>b9e250</profile_sidebar_fill_color>
    <profile_sidebar_border_color>000000</profile_sidebar_border_color>
    <friends_count>4286</friends_count>
    <created_at>Mon Apr 28 14:04:13 +0000 2008</created_at>
    <favourites_count>13</favourites_count>
    <utc_offset>-21600</utc_offset>
    <time_zone>Central Time (US &amp; Canada)</time_zone>
    <profile_background_image_url>http://a1.twimg.com/profile_background_images/56421963/DSC_0081.JPG</profile_background_image_url>
    <profile_background_tile>true</profile_background_tile>
    <profile_use_background_image>true</profile_use_background_image>
    <notifications>false</notifications>
    <geo_enabled>false</geo_enabled>
    <verified>false</verified>
    <following>true</following>
    <statuses_count>7697</statuses_count>
    <lang>en</lang>
    <contributors_enabled>false</contributors_enabled>
    <follow_request_sent>false</follow_request_sent>
    <listed_count>378</listed_count>
    <show_all_inline_media>true</show_all_inline_media>
    <default_profile>false</default_profile>
    <default_profile_image>false</default_profile_image>
    <is_translator>false</is_translator>
  </user>
  <geo/>
  <coordinates/>
  <place/>
  <contributors/>
</status>
<status>
  <created_at>Wed Apr 20 21:48:21 +0000 2011</created_at>
  <id>60822136159350784</id>
  <text>I and @stuartsierra will be teaching @pragstudio #clojure June 22-24 http://bit.ly/dgMFHJ</text>
  <source>&lt;a href=&quot;http://www.socialoomph.com&quot; rel=&quot;nofollow&quot;&gt;SocialOomph&lt;/a&gt;</source>
  <truncated>false</truncated>
  <favorited>false</favorited>
  <in_reply_to_status_id></in_reply_to_status_id>
  <in_reply_to_user_id></in_reply_to_user_id>
  <in_reply_to_screen_name></in_reply_to_screen_name>
  <retweet_count>0</retweet_count>
  <retweeted>false</retweeted>
  <user>
    <id>14184390</id>
    <name>stuarthalloway</name>
    <screen_name>stuarthalloway</screen_name>
    <location>Chapel Hill, NC, USA</location>
    <description>husband/father/coder/runner</description>
    <profile_image_url>http://a2.twimg.com/profile_images/51921564/stu-small_normal.png</profile_image_url>
    <url>http://thinkrelevance.com</url>
    <protected>false</protected>
    <followers_count>2710</followers_count>
    <profile_background_color>C0DEED</profile_background_color>
    <profile_text_color>333333</profile_text_color>
    <profile_link_color>0084B4</profile_link_color>
    <profile_sidebar_fill_color>DDEEF6</profile_sidebar_fill_color>
    <profile_sidebar_border_color>C0DEED</profile_sidebar_border_color>
    <friends_count>276</friends_count>
    <created_at>Thu Mar 20 14:38:29 +0000 2008</created_at>
    <favourites_count>0</favourites_count>
    <utc_offset>-18000</utc_offset>
    <time_zone>Quito</time_zone>
    <profile_background_image_url>http://a3.twimg.com/a/1302724321/images/themes/theme1/bg.png</profile_background_image_url>
    <profile_background_tile>false</profile_background_tile>
    <profile_use_background_image>true</profile_use_background_image>
    <notifications>false</notifications>
    <geo_enabled>false</geo_enabled>
    <verified>false</verified>
    <following>true</following>
    <statuses_count>628</statuses_count>
    <lang>en</lang>
    <contributors_enabled>false</contributors_enabled>
    <follow_request_sent>false</follow_request_sent>
    <listed_count>308</listed_count>
    <show_all_inline_media>false</show_all_inline_media>
    <default_profile>true</default_profile>
    <default_profile_image>false</default_profile_image>
    <is_translator>false</is_translator>
  </user>
  <geo/>
  <coordinates/>
  <place/>
  <contributors/>
</status>
<status>
  <created_at>Wed Apr 20 21:43:51 +0000 2011</created_at>
  <id>60821003848261633</id>
  <text>RT @bigpicguy: I say on July 1st we all organize a #democracymob across the country so they all know we won't go away after May #elxn41  ...</text>
  <source>web</source>
  <truncated>true</truncated>
  <favorited>false</favorited>
  <in_reply_to_status_id></in_reply_to_status_id>
  <in_reply_to_user_id></in_reply_to_user_id>
  <in_reply_to_screen_name></in_reply_to_screen_name>
  <retweet_count>0</retweet_count>
  <retweeted>false</retweeted>
  <retweeted_status>
    <created_at>Wed Apr 20 21:38:11 +0000 2011</created_at>
    <id>60819576446926848</id>
    <text>I say on July 1st we all organize a #democracymob across the country so they all know we won't go away after May #elxn41 are you with me?</text>
    <source>web</source>
    <truncated>false</truncated>
    <favorited>false</favorited>
    <in_reply_to_status_id></in_reply_to_status_id>
    <in_reply_to_user_id></in_reply_to_user_id>
    <in_reply_to_screen_name></in_reply_to_screen_name>
    <retweet_count>0</retweet_count>
    <retweeted>false</retweeted>
    <user>
      <id>239378797</id>
      <name>Mark McCaw</name>
      <screen_name>bigpicguy</screen_name>
      <location>Moncton, NB Canada</location>
      <description>Learning junkie, political junkie, hockey junkie but not a junkie junkie.</description>
      <profile_image_url>http://a1.twimg.com/profile_images/1219569613/Mark_At_Niagara_normal.jpg</profile_image_url>
      <url></url>
      <protected>false</protected>
      <followers_count>199</followers_count>
      <profile_background_color>030103</profile_background_color>
      <profile_text_color>947974</profile_text_color>
      <profile_link_color>fa8459</profile_link_color>
      <profile_sidebar_fill_color>000000</profile_sidebar_fill_color>
      <profile_sidebar_border_color>adf1fc</profile_sidebar_border_color>
      <friends_count>64</friends_count>
      <created_at>Mon Jan 17 13:50:36 +0000 2011</created_at>
      <favourites_count>1</favourites_count>
      <utc_offset>-14400</utc_offset>
      <time_zone>Atlantic Time (Canada)</time_zone>
      <profile_background_image_url>http://a0.twimg.com/profile_background_images/213468121/x975ab12b9c65eb76ce02ca3194b75c7.jpg</profile_background_image_url>
      <profile_background_tile>false</profile_background_tile>
      <profile_use_background_image>true</profile_use_background_image>
      <notifications>false</notifications>
      <geo_enabled>true</geo_enabled>
      <verified>false</verified>
      <following>false</following>
      <statuses_count>3352</statuses_count>
      <lang>en</lang>
      <contributors_enabled>false</contributors_enabled>
      <follow_request_sent>false</follow_request_sent>
      <listed_count>8</listed_count>
      <show_all_inline_media>false</show_all_inline_media>
      <default_profile>false</default_profile>
      <default_profile_image>false</default_profile_image>
      <is_translator>false</is_translator>
    </user>
    <geo/>
    <coordinates/>
    <place/>
    <contributors/>
  </retweeted_status>
  <user>
    <id>6634632</id>
    <name>Saskboy K.</name>
    <screen_name>saskboy</screen_name>
    <location>Saskatchewan, Canada</location>
    <description>A Saskatchewan Blogger living in Regina</description>
    <profile_image_url>http://a1.twimg.com/profile_images/1174293129/Img_6178riders_normal.jpg</profile_image_url>
    <url>http://www.abandonedstuff.com</url>
    <protected>false</protected>
    <followers_count>857</followers_count>
    <profile_background_color>1A1B1F</profile_background_color>
    <profile_text_color>666666</profile_text_color>
    <profile_link_color>2FC2EF</profile_link_color>
    <profile_sidebar_fill_color>252429</profile_sidebar_fill_color>
    <profile_sidebar_border_color>181A1E</profile_sidebar_border_color>
    <friends_count>580</friends_count>
    <created_at>Thu Jun 07 04:43:39 +0000 2007</created_at>
    <favourites_count>957</favourites_count>
    <utc_offset>-21600</utc_offset>
    <time_zone>Saskatchewan</time_zone>
    <profile_background_image_url>http://a2.twimg.com/profile_background_images/10281422/twitrgrid.JPG</profile_background_image_url>
    <profile_background_tile>false</profile_background_tile>
    <profile_use_background_image>true</profile_use_background_image>
    <notifications>false</notifications>
    <geo_enabled>false</geo_enabled>
    <verified>false</verified>
    <following>true</following>
    <statuses_count>5710</statuses_count>
    <lang>en</lang>
    <contributors_enabled>false</contributors_enabled>
    <follow_request_sent>false</follow_request_sent>
    <listed_count>58</listed_count>
    <show_all_inline_media>false</show_all_inline_media>
    <default_profile>false</default_profile>
    <default_profile_image>false</default_profile_image>
    <is_translator>false</is_translator>
  </user>
  <geo/>
  <coordinates/>
  <place/>
  <contributors/>
</status>
<status>
  <created_at>Wed Apr 20 21:41:50 +0000 2011</created_at>
  <id>60820493967691776</id>
  <text>RT @tomflem: Scary to see how little he knows! MT @MacleansMag  SK Premier Brad Wall decides that the nation needs his constitut... http ...</text>
  <source>web</source>
  <truncated>true</truncated>
  <favorited>false</favorited>
  <in_reply_to_status_id></in_reply_to_status_id>
  <in_reply_to_user_id></in_reply_to_user_id>
  <in_reply_to_screen_name></in_reply_to_screen_name>
  <retweet_count>0</retweet_count>
  <retweeted>false</retweeted>
  <retweeted_status>
    <created_at>Wed Apr 20 21:39:36 +0000 2011</created_at>
    <id>60819933671596032</id>
    <text>Scary to see how little he knows! MT @MacleansMag  SK Premier Brad Wall decides that the nation needs his constitut... http://bit.ly/gTUmrS</text>
    <source>web</source>
    <truncated>false</truncated>
    <favorited>false</favorited>
    <in_reply_to_status_id></in_reply_to_status_id>
    <in_reply_to_user_id></in_reply_to_user_id>
    <in_reply_to_screen_name></in_reply_to_screen_name>
    <retweet_count>0</retweet_count>
    <retweeted>false</retweeted>
    <user>
      <id>24892031</id>
      <name>Tom Flemming</name>
      <screen_name>tomflem</screen_name>
      <location>Hamilton, ON</location>
      <description>Formerly a health sciences librarian at McMaster University (ON) and at Dalhousie University (NS) in Canada</description>
      <profile_image_url>http://a0.twimg.com/profile_images/1288479752/tomflickr_normal.jpg</profile_image_url>
      <url>http://www.diigo.com/user/tomflem</url>
      <protected>false</protected>
      <followers_count>894</followers_count>
      <profile_background_color>a2dbab</profile_background_color>
      <profile_text_color>574410</profile_text_color>
      <profile_link_color>9c8109</profile_link_color>
      <profile_sidebar_fill_color>a5b0b3</profile_sidebar_fill_color>
      <profile_sidebar_border_color>659430</profile_sidebar_border_color>
      <friends_count>389</friends_count>
      <created_at>Tue Mar 17 14:49:36 +0000 2009</created_at>
      <favourites_count>750</favourites_count>
      <utc_offset>-18000</utc_offset>
      <time_zone>Eastern Time (US &amp; Canada)</time_zone>
      <profile_background_image_url>http://a1.twimg.com/profile_background_images/47634442/stones.jpg</profile_background_image_url>
      <profile_background_tile>true</profile_background_tile>
      <profile_use_background_image>true</profile_use_background_image>
      <notifications>false</notifications>
      <geo_enabled>false</geo_enabled>
      <verified>false</verified>
      <following>false</following>
      <statuses_count>21099</statuses_count>
      <lang>en</lang>
      <contributors_enabled>false</contributors_enabled>
      <follow_request_sent>false</follow_request_sent>
      <listed_count>79</listed_count>
      <show_all_inline_media>false</show_all_inline_media>
      <default_profile>false</default_profile>
      <default_profile_image>false</default_profile_image>
      <is_translator>false</is_translator>
    </user>
    <geo/>
    <coordinates/>
    <place/>
    <contributors/>
  </retweeted_status>
  <user>
    <id>6634632</id>
    <name>Saskboy K.</name>
    <screen_name>saskboy</screen_name>
    <location>Saskatchewan, Canada</location>
    <description>A Saskatchewan Blogger living in Regina</description>
    <profile_image_url>http://a1.twimg.com/profile_images/1174293129/Img_6178riders_normal.jpg</profile_image_url>
    <url>http://www.abandonedstuff.com</url>
    <protected>false</protected>
    <followers_count>857</followers_count>
    <profile_background_color>1A1B1F</profile_background_color>
    <profile_text_color>666666</profile_text_color>
    <profile_link_color>2FC2EF</profile_link_color>
    <profile_sidebar_fill_color>252429</profile_sidebar_fill_color>
    <profile_sidebar_border_color>181A1E</profile_sidebar_border_color>
    <friends_count>580</friends_count>
    <created_at>Thu Jun 07 04:43:39 +0000 2007</created_at>
    <favourites_count>955</favourites_count>
    <utc_offset>-21600</utc_offset>
    <time_zone>Saskatchewan</time_zone>
    <profile_background_image_url>http://a2.twimg.com/profile_background_images/10281422/twitrgrid.JPG</profile_background_image_url>
    <profile_background_tile>false</profile_background_tile>
    <profile_use_background_image>true</profile_use_background_image>
    <notifications>false</notifications>
    <geo_enabled>false</geo_enabled>
    <verified>false</verified>
    <following>true</following>
    <statuses_count>5707</statuses_count>
    <lang>en</lang>
    <contributors_enabled>false</contributors_enabled>
    <follow_request_sent>false</follow_request_sent>
    <listed_count>57</listed_count>
    <show_all_inline_media>false</show_all_inline_media>
    <default_profile>false</default_profile>
    <default_profile_image>false</default_profile_image>
    <is_translator>false</is_translator>
  </user>
  <geo/>
  <coordinates/>
  <place/>
  <contributors/>
</status>
<status>
  <created_at>Wed Apr 20 21:41:30 +0000 2011</created_at>
  <id>60820409276309504</id>
  <text>RT @CometsMum: RT @bigpicguy: @CBC just said the government was brought down bec opposition didn't like budget? HELLO CONTEMPT #elxn41 # ...</text>
  <source>web</source>
  <truncated>true</truncated>
  <favorited>false</favorited>
  <in_reply_to_status_id></in_reply_to_status_id>
  <in_reply_to_user_id></in_reply_to_user_id>
  <in_reply_to_screen_name></in_reply_to_screen_name>
  <retweet_count>0</retweet_count>
  <retweeted>false</retweeted>
  <retweeted_status>
    <created_at>Wed Apr 20 21:39:56 +0000 2011</created_at>
    <id>60820015481499648</id>
    <text>RT @bigpicguy: @CBC just said the government was brought down bec opposition didn't like budget? HELLO CONTEMPT #elxn41 #youthvote...</text>
    <source>&lt;a href=&quot;http://www.hootsuite.com&quot; rel=&quot;nofollow&quot;&gt;HootSuite&lt;/a&gt;</source>
    <truncated>false</truncated>
    <favorited>false</favorited>
    <in_reply_to_status_id></in_reply_to_status_id>
    <in_reply_to_user_id></in_reply_to_user_id>
    <in_reply_to_screen_name></in_reply_to_screen_name>
    <retweet_count>0</retweet_count>
    <retweeted>false</retweeted>
    <user>
      <id>100597465</id>
      <name>#CPC can't hv my nam</name>
      <screen_name>CometsMum</screen_name>
      <location>Canada</location>
      <description>Fair-minded curious painter, news junkie, S**t Disturber. #tahrir supporter. Comet was my first dog. </description>
      <profile_image_url>http://a0.twimg.com/profile_images/1305144508/DSCF0258_normal.JPG</profile_image_url>
      <url></url>
      <protected>false</protected>
      <followers_count>311</followers_count>
      <profile_background_color>000000</profile_background_color>
      <profile_text_color>828282</profile_text_color>
      <profile_link_color>ad5c34</profile_link_color>
      <profile_sidebar_fill_color>481802</profile_sidebar_fill_color>
      <profile_sidebar_border_color>9fa621</profile_sidebar_border_color>
      <friends_count>118</friends_count>
      <created_at>Wed Dec 30 21:15:44 +0000 2009</created_at>
      <favourites_count>5</favourites_count>
      <utc_offset>-18000</utc_offset>
      <time_zone>Quito</time_zone>
      <profile_background_image_url>http://a1.twimg.com/profile_background_images/63007779/nvchocolate.br.jpg</profile_background_image_url>
      <profile_background_tile>false</profile_background_tile>
      <profile_use_background_image>true</profile_use_background_image>
      <notifications>false</notifications>
      <geo_enabled>false</geo_enabled>
      <verified>false</verified>
      <following>false</following>
      <statuses_count>7460</statuses_count>
      <lang>en</lang>
      <contributors_enabled>false</contributors_enabled>
      <follow_request_sent>false</follow_request_sent>
      <listed_count>20</listed_count>
      <show_all_inline_media>false</show_all_inline_media>
      <default_profile>false</default_profile>
      <default_profile_image>false</default_profile_image>
      <is_translator>false</is_translator>
    </user>
    <geo/>
    <coordinates/>
    <place/>
    <contributors/>
  </retweeted_status>
  <user>
    <id>6634632</id>
    <name>Saskboy K.</name>
    <screen_name>saskboy</screen_name>
    <location>Saskatchewan, Canada</location>
    <description>A Saskatchewan Blogger living in Regina</description>
    <profile_image_url>http://a1.twimg.com/profile_images/1174293129/Img_6178riders_normal.jpg</profile_image_url>
    <url>http://www.abandonedstuff.com</url>
    <protected>false</protected>
    <followers_count>856</followers_count>
    <profile_background_color>1A1B1F</profile_background_color>
    <profile_text_color>666666</profile_text_color>
    <profile_link_color>2FC2EF</profile_link_color>
    <profile_sidebar_fill_color>252429</profile_sidebar_fill_color>
    <profile_sidebar_border_color>181A1E</profile_sidebar_border_color>
    <friends_count>580</friends_count>
    <created_at>Thu Jun 07 04:43:39 +0000 2007</created_at>
    <favourites_count>957</favourites_count>
    <utc_offset>-21600</utc_offset>
    <time_zone>Saskatchewan</time_zone>
    <profile_background_image_url>http://a2.twimg.com/profile_background_images/10281422/twitrgrid.JPG</profile_background_image_url>
    <profile_background_tile>false</profile_background_tile>
    <profile_use_background_image>true</profile_use_background_image>
    <notifications>false</notifications>
    <geo_enabled>false</geo_enabled>
    <verified>false</verified>
    <following>true</following>
    <statuses_count>5708</statuses_count>
    <lang>en</lang>
    <contributors_enabled>false</contributors_enabled>
    <follow_request_sent>false</follow_request_sent>
    <listed_count>57</listed_count>
    <show_all_inline_media>false</show_all_inline_media>
    <default_profile>false</default_profile>
    <default_profile_image>false</default_profile_image>
    <is_translator>false</is_translator>
  </user>
  <geo/>
  <coordinates/>
  <place/>
  <contributors/>
</status>
<status>
  <created_at>Wed Apr 20 21:29:31 +0000 2011</created_at>
  <id>60817395828277248</id>
  <text>You're An Animal, Radio Collared: http://t.co/sDalUAo iOS4 tracking file on your iPhone gives your secrets away.</text>
  <source>&lt;a href=&quot;http://twitter.com/tweetbutton&quot; rel=&quot;nofollow&quot;&gt;Tweet Button&lt;/a&gt;</source>
  <truncated>false</truncated>
  <favorited>false</favorited>
  <in_reply_to_status_id></in_reply_to_status_id>
  <in_reply_to_user_id></in_reply_to_user_id>
  <in_reply_to_screen_name></in_reply_to_screen_name>
  <retweet_count>0</retweet_count>
  <retweeted>false</retweeted>
  <user>
    <id>6634632</id>
    <name>Saskboy K.</name>
    <screen_name>saskboy</screen_name>
    <location>Saskatchewan, Canada</location>
    <description>A Saskatchewan Blogger living in Regina</description>
    <profile_image_url>http://a1.twimg.com/profile_images/1174293129/Img_6178riders_normal.jpg</profile_image_url>
    <url>http://www.abandonedstuff.com</url>
    <protected>false</protected>
    <followers_count>857</followers_count>
    <profile_background_color>1A1B1F</profile_background_color>
    <profile_text_color>666666</profile_text_color>
    <profile_link_color>2FC2EF</profile_link_color>
    <profile_sidebar_fill_color>252429</profile_sidebar_fill_color>
    <profile_sidebar_border_color>181A1E</profile_sidebar_border_color>
    <friends_count>580</friends_count>
    <created_at>Thu Jun 07 04:43:39 +0000 2007</created_at>
    <favourites_count>955</favourites_count>
    <utc_offset>-21600</utc_offset>
    <time_zone>Saskatchewan</time_zone>
    <profile_background_image_url>http://a2.twimg.com/profile_background_images/10281422/twitrgrid.JPG</profile_background_image_url>
    <profile_background_tile>false</profile_background_tile>
    <profile_use_background_image>true</profile_use_background_image>
    <notifications>false</notifications>
    <geo_enabled>false</geo_enabled>
    <verified>false</verified>
    <following>true</following>
    <statuses_count>5705</statuses_count>
    <lang>en</lang>
    <contributors_enabled>false</contributors_enabled>
    <follow_request_sent>false</follow_request_sent>
    <listed_count>57</listed_count>
    <show_all_inline_media>false</show_all_inline_media>
    <default_profile>false</default_profile>
    <default_profile_image>false</default_profile_image>
    <is_translator>false</is_translator>
  </user>
  <geo/>
  <coordinates/>
  <place/>
  <contributors/>
</status>
<status>
  <created_at>Wed Apr 20 21:27:40 +0000 2011</created_at>
  <id>60816929274867712</id>
  <text>Watch now: http://ndp.ca/hhuNZ Join me online for an #NDP Town Hall live from Thunder Bay. Be a part of it. #Cdnpoli #elxn41</text>
  <source>&lt;a href=&quot;http://www.hootsuite.com&quot; rel=&quot;nofollow&quot;&gt;HootSuite&lt;/a&gt;</source>
  <truncated>false</truncated>
  <favorited>false</favorited>
  <in_reply_to_status_id></in_reply_to_status_id>
  <in_reply_to_user_id></in_reply_to_user_id>
  <in_reply_to_screen_name></in_reply_to_screen_name>
  <retweet_count>0</retweet_count>
  <retweeted>false</retweeted>
  <user>
    <id>15526563</id>
    <name>Jack Layton</name>
    <screen_name>jacklayton</screen_name>
    <location></location>
    <description>Leader, Canada's New Democrats.</description>
    <profile_image_url>http://a0.twimg.com/profile_images/1291903917/Jack2_normal.jpg</profile_image_url>
    <url>http://www.ndp.ca</url>
    <protected>false</protected>
    <followers_count>84617</followers_count>
    <profile_background_color>505052</profile_background_color>
    <profile_text_color>000000</profile_text_color>
    <profile_link_color>FF6600</profile_link_color>
    <profile_sidebar_fill_color>FFFFFF</profile_sidebar_fill_color>
    <profile_sidebar_border_color>FF6600</profile_sidebar_border_color>
    <friends_count>11387</friends_count>
    <created_at>Tue Jul 22 04:44:38 +0000 2008</created_at>
    <favourites_count>0</favourites_count>
    <utc_offset>-18000</utc_offset>
    <time_zone>Eastern Time (US &amp; Canada)</time_zone>
    <profile_background_image_url>http://a1.twimg.com/profile_background_images/224700669/English.jpg</profile_background_image_url>
    <profile_background_tile>false</profile_background_tile>
    <profile_use_background_image>true</profile_use_background_image>
    <notifications>false</notifications>
    <geo_enabled>false</geo_enabled>
    <verified>false</verified>
    <following>true</following>
    <statuses_count>892</statuses_count>
    <lang>en</lang>
    <contributors_enabled>false</contributors_enabled>
    <follow_request_sent>false</follow_request_sent>
    <listed_count>2673</listed_count>
    <show_all_inline_media>false</show_all_inline_media>
    <default_profile>false</default_profile>
    <default_profile_image>false</default_profile_image>
    <is_translator>false</is_translator>
  </user>
  <geo/>
  <coordinates/>
  <place/>
  <contributors/>
</status>
<status>
  <created_at>Wed Apr 20 21:14:50 +0000 2011</created_at>
  <id>60813699442675712</id>
  <text>@cbeust @tirsen SB Options is Guicified, supports .properties files and has a slightly neater API in my opinion.</text>
  <source>&lt;a href=&quot;http://itunes.apple.com/us/app/twitter/id409789998?mt=12&quot; rel=&quot;nofollow&quot;&gt;Twitter for Mac&lt;/a&gt;</source>
  <truncated>false</truncated>
  <favorited>false</favorited>
  <in_reply_to_status_id>60723367321419776</in_reply_to_status_id>
  <in_reply_to_user_id>14738204</in_reply_to_user_id>
  <in_reply_to_screen_name>cbeust</in_reply_to_screen_name>
  <retweet_count>0</retweet_count>
  <retweeted>false</retweeted>
  <user>
    <id>14563623</id>
    <name>Dhanji R. Prasanna</name>
    <screen_name>dhanji</screen_name>
    <location>Sydney, Australia</location>
    <description>Senior Custodial Engineer at Google</description>
    <profile_image_url>http://a3.twimg.com/profile_images/53414948/dj_sp_normal.jpg</profile_image_url>
    <url>http://www.wideplay.com</url>
    <protected>false</protected>
    <followers_count>1271</followers_count>
    <profile_background_color>131516</profile_background_color>
    <profile_text_color>333333</profile_text_color>
    <profile_link_color>009999</profile_link_color>
    <profile_sidebar_fill_color>efefef</profile_sidebar_fill_color>
    <profile_sidebar_border_color>eeeeee</profile_sidebar_border_color>
    <friends_count>179</friends_count>
    <created_at>Mon Apr 28 01:03:24 +0000 2008</created_at>
    <favourites_count>66</favourites_count>
    <utc_offset>36000</utc_offset>
    <time_zone>Sydney</time_zone>
    <profile_background_image_url>http://a2.twimg.com/a/1302724321/images/themes/theme14/bg.gif</profile_background_image_url>
    <profile_background_tile>true</profile_background_tile>
    <profile_use_background_image>true</profile_use_background_image>
    <notifications>false</notifications>
    <geo_enabled>true</geo_enabled>
    <verified>false</verified>
    <following>true</following>
    <statuses_count>6327</statuses_count>
    <lang>en</lang>
    <contributors_enabled>false</contributors_enabled>
    <follow_request_sent>false</follow_request_sent>
    <listed_count>141</listed_count>
    <show_all_inline_media>false</show_all_inline_media>
    <default_profile>false</default_profile>
    <default_profile_image>false</default_profile_image>
    <is_translator>false</is_translator>
  </user>
  <geo/>
  <coordinates/>
  <place/>
  <contributors/>
</status>
<status>
  <created_at>Wed Apr 20 21:13:34 +0000 2011</created_at>
  <id>60813378960105473</id>
  <text>Gas Fracking/Drilling Emergency in Bradford County - WNEP http://t.co/7jEqBA5 Energy company destroying fresh water supply for locals</text>
  <source>&lt;a href=&quot;http://twitter.com/tweetbutton&quot; rel=&quot;nofollow&quot;&gt;Tweet Button&lt;/a&gt;</source>
  <truncated>false</truncated>
  <favorited>false</favorited>
  <in_reply_to_status_id></in_reply_to_status_id>
  <in_reply_to_user_id></in_reply_to_user_id>
  <in_reply_to_screen_name></in_reply_to_screen_name>
  <retweet_count>0</retweet_count>
  <retweeted>false</retweeted>
  <user>
    <id>6634632</id>
    <name>Saskboy K.</name>
    <screen_name>saskboy</screen_name>
    <location>Saskatchewan, Canada</location>
    <description>A Saskatchewan Blogger living in Regina</description>
    <profile_image_url>http://a1.twimg.com/profile_images/1174293129/Img_6178riders_normal.jpg</profile_image_url>
    <url>http://www.abandonedstuff.com</url>
    <protected>false</protected>
    <followers_count>857</followers_count>
    <profile_background_color>1A1B1F</profile_background_color>
    <profile_text_color>666666</profile_text_color>
    <profile_link_color>2FC2EF</profile_link_color>
    <profile_sidebar_fill_color>252429</profile_sidebar_fill_color>
    <profile_sidebar_border_color>181A1E</profile_sidebar_border_color>
    <friends_count>580</friends_count>
    <created_at>Thu Jun 07 04:43:39 +0000 2007</created_at>
    <favourites_count>955</favourites_count>
    <utc_offset>-21600</utc_offset>
    <time_zone>Saskatchewan</time_zone>
    <profile_background_image_url>http://a2.twimg.com/profile_background_images/10281422/twitrgrid.JPG</profile_background_image_url>
    <profile_background_tile>false</profile_background_tile>
    <profile_use_background_image>true</profile_use_background_image>
    <notifications>false</notifications>
    <geo_enabled>false</geo_enabled>
    <verified>false</verified>
    <following>true</following>
    <statuses_count>5704</statuses_count>
    <lang>en</lang>
    <contributors_enabled>false</contributors_enabled>
    <follow_request_sent>false</follow_request_sent>
    <listed_count>57</listed_count>
    <show_all_inline_media>false</show_all_inline_media>
    <default_profile>false</default_profile>
    <default_profile_image>false</default_profile_image>
    <is_translator>false</is_translator>
  </user>
  <geo/>
  <coordinates/>
  <place/>
  <contributors/>
</status>
<status>
  <created_at>Wed Apr 20 21:04:43 +0000 2011</created_at>
  <id>60811152803897345</id>
  <text>Hudson CI 2.0.0 release candidate http://bit.ly/eqJlZF (link to 37mb war file) &amp;lt;- available for early testing and feedback</text>
  <source>web</source>
  <truncated>false</truncated>
  <favorited>false</favorited>
  <in_reply_to_status_id></in_reply_to_status_id>
  <in_reply_to_user_id></in_reply_to_user_id>
  <in_reply_to_screen_name></in_reply_to_screen_name>
  <retweet_count>0</retweet_count>
  <retweeted>false</retweeted>
  <user>
    <id>16166414</id>
    <name>Stuart McCulloch</name>
    <screen_name>mcculls</screen_name>
    <location>Kenilworth</location>
    <description>Three computers, two cats, one adorable wife</description>
    <profile_image_url>http://a0.twimg.com/profile_images/59578326/hmm_normal.png</profile_image_url>
    <url>http://mcculls.blogspot.com</url>
    <protected>false</protected>
    <followers_count>227</followers_count>
    <profile_background_color>C0DEED</profile_background_color>
    <profile_text_color>333333</profile_text_color>
    <profile_link_color>0084B4</profile_link_color>
    <profile_sidebar_fill_color>DDEEF6</profile_sidebar_fill_color>
    <profile_sidebar_border_color>C0DEED</profile_sidebar_border_color>
    <friends_count>76</friends_count>
    <created_at>Sun Sep 07 05:22:51 +0000 2008</created_at>
    <favourites_count>0</favourites_count>
    <utc_offset>0</utc_offset>
    <time_zone>London</time_zone>
    <profile_background_image_url>http://a3.twimg.com/a/1303316982/images/themes/theme1/bg.png</profile_background_image_url>
    <profile_background_tile>false</profile_background_tile>
    <profile_use_background_image>true</profile_use_background_image>
    <notifications>false</notifications>
    <geo_enabled>false</geo_enabled>
    <verified>false</verified>
    <following>true</following>
    <statuses_count>1922</statuses_count>
    <lang>en</lang>
    <contributors_enabled>false</contributors_enabled>
    <follow_request_sent>false</follow_request_sent>
    <listed_count>16</listed_count>
    <show_all_inline_media>false</show_all_inline_media>
    <default_profile>true</default_profile>
    <default_profile_image>false</default_profile_image>
    <is_translator>false</is_translator>
  </user>
  <geo/>
  <coordinates/>
  <place/>
  <contributors/>
</status>
<status>
  <created_at>Wed Apr 20 21:02:04 +0000 2011</created_at>
  <id>60810484760322048</id>
  <text>Sure are a lot of tablets coming</text>
  <source>&lt;a href=&quot;http://twitter.com&quot; rel=&quot;nofollow&quot;&gt;Tweetie for Mac&lt;/a&gt;</source>
  <truncated>false</truncated>
  <favorited>false</favorited>
  <in_reply_to_status_id></in_reply_to_status_id>
  <in_reply_to_user_id></in_reply_to_user_id>
  <in_reply_to_screen_name></in_reply_to_screen_name>
  <retweet_count>0</retweet_count>
  <retweeted>false</retweeted>
  <user>
    <id>1235521</id>
    <name>Tim Bray</name>
    <screen_name>timbray</screen_name>
    <location>Vancouver</location>
    <description>Web geek with a camera, currently doing Android stuff at Google.</description>
    <profile_image_url>http://a3.twimg.com/profile_images/421637246/Tim_normal.jpg</profile_image_url>
    <url>http://www.tbray.org/ongoing/</url>
    <protected>false</protected>
    <followers_count>17072</followers_count>
    <profile_background_color>FFFFFF</profile_background_color>
    <profile_text_color>000000</profile_text_color>
    <profile_link_color>AA0000</profile_link_color>
    <profile_sidebar_fill_color>e0ff92</profile_sidebar_fill_color>
    <profile_sidebar_border_color>87bc44</profile_sidebar_border_color>
    <friends_count>669</friends_count>
    <created_at>Thu Mar 15 17:24:22 +0000 2007</created_at>
    <favourites_count>415</favourites_count>
    <utc_offset>-28800</utc_offset>
    <time_zone>Pacific Time (US &amp; Canada)</time_zone>
    <profile_background_image_url>http://a0.twimg.com/profile_background_images/1980852/IMGP1686.jpg</profile_background_image_url>
    <profile_background_tile>false</profile_background_tile>
    <profile_use_background_image>false</profile_use_background_image>
    <notifications>false</notifications>
    <geo_enabled>false</geo_enabled>
    <verified>false</verified>
    <following>true</following>
    <statuses_count>8766</statuses_count>
    <lang>en</lang>
    <contributors_enabled>false</contributors_enabled>
    <follow_request_sent>false</follow_request_sent>
    <listed_count>1634</listed_count>
    <show_all_inline_media>false</show_all_inline_media>
    <default_profile>false</default_profile>
    <default_profile_image>false</default_profile_image>
    <is_translator>false</is_translator>
  </user>
  <geo/>
  <coordinates/>
  <place/>
  <contributors/>
</status>
<status>
  <created_at>Wed Apr 20 20:53:32 +0000 2011</created_at>
  <id>60808339977797632</id>
  <text>RT @hudsonci: How plugins can support @hudsonci &amp; @jenkinsci http://bit.ly/haAe4L http://bit.ly/heXINi  thanks to @henriklynggaard for b ...</text>
  <source>web</source>
  <truncated>true</truncated>
  <favorited>false</favorited>
  <in_reply_to_status_id></in_reply_to_status_id>
  <in_reply_to_user_id></in_reply_to_user_id>
  <in_reply_to_screen_name></in_reply_to_screen_name>
  <retweet_count>0</retweet_count>
  <retweeted>false</retweeted>
  <retweeted_status>
    <created_at>Wed Apr 20 14:23:18 +0000 2011</created_at>
    <id>60710135722549249</id>
    <text>How plugins can support @hudsonci &amp; @jenkinsci http://bit.ly/haAe4L http://bit.ly/heXINi  thanks to @henriklynggaard for blogging this</text>
    <source>web</source>
    <truncated>false</truncated>
    <favorited>false</favorited>
    <in_reply_to_status_id></in_reply_to_status_id>
    <in_reply_to_user_id></in_reply_to_user_id>
    <in_reply_to_screen_name></in_reply_to_screen_name>
    <retweet_count>0</retweet_count>
    <retweeted>false</retweeted>
    <user>
      <id>245535216</id>
      <name>Hudson CI</name>
      <screen_name>hudsonci</screen_name>
      <location>Everywhere!</location>
      <description></description>
      <profile_image_url>http://a0.twimg.com/profile_images/1231444178/hudson-twitter_normal.png</profile_image_url>
      <url>http://hudson-ci.org</url>
      <protected>false</protected>
      <followers_count>334</followers_count>
      <profile_background_color>C0DEED</profile_background_color>
      <profile_text_color>333333</profile_text_color>
      <profile_link_color>0084B4</profile_link_color>
      <profile_sidebar_fill_color>DDEEF6</profile_sidebar_fill_color>
      <profile_sidebar_border_color>C0DEED</profile_sidebar_border_color>
      <friends_count>14</friends_count>
      <created_at>Mon Jan 31 22:35:58 +0000 2011</created_at>
      <favourites_count>0</favourites_count>
      <utc_offset>-28800</utc_offset>
      <time_zone>Pacific Time (US &amp; Canada)</time_zone>
      <profile_background_image_url>http://a1.twimg.com/profile_background_images/200487835/hudson-twitter-background-logo.png</profile_background_image_url>
      <profile_background_tile>true</profile_background_tile>
      <profile_use_background_image>true</profile_use_background_image>
      <notifications>false</notifications>
      <geo_enabled>false</geo_enabled>
      <verified>false</verified>
      <following>false</following>
      <statuses_count>39</statuses_count>
      <lang>en</lang>
      <contributors_enabled>false</contributors_enabled>
      <follow_request_sent>false</follow_request_sent>
      <listed_count>18</listed_count>
      <show_all_inline_media>false</show_all_inline_media>
      <default_profile>false</default_profile>
      <default_profile_image>false</default_profile_image>
      <is_translator>false</is_translator>
    </user>
    <geo/>
    <coordinates/>
    <place/>
    <contributors/>
  </retweeted_status>
  <user>
    <id>16166414</id>
    <name>Stuart McCulloch</name>
    <screen_name>mcculls</screen_name>
    <location>Kenilworth</location>
    <description>Three computers, two cats, one adorable wife</description>
    <profile_image_url>http://a0.twimg.com/profile_images/59578326/hmm_normal.png</profile_image_url>
    <url>http://mcculls.blogspot.com</url>
    <protected>false</protected>
    <followers_count>227</followers_count>
    <profile_background_color>C0DEED</profile_background_color>
    <profile_text_color>333333</profile_text_color>
    <profile_link_color>0084B4</profile_link_color>
    <profile_sidebar_fill_color>DDEEF6</profile_sidebar_fill_color>
    <profile_sidebar_border_color>C0DEED</profile_sidebar_border_color>
    <friends_count>76</friends_count>
    <created_at>Sun Sep 07 05:22:51 +0000 2008</created_at>
    <favourites_count>0</favourites_count>
    <utc_offset>0</utc_offset>
    <time_zone>London</time_zone>
    <profile_background_image_url>http://a3.twimg.com/a/1303316982/images/themes/theme1/bg.png</profile_background_image_url>
    <profile_background_tile>false</profile_background_tile>
    <profile_use_background_image>true</profile_use_background_image>
    <notifications>false</notifications>
    <geo_enabled>false</geo_enabled>
    <verified>false</verified>
    <following>true</following>
    <statuses_count>1921</statuses_count>
    <lang>en</lang>
    <contributors_enabled>false</contributors_enabled>
    <follow_request_sent>false</follow_request_sent>
    <listed_count>16</listed_count>
    <show_all_inline_media>false</show_all_inline_media>
    <default_profile>true</default_profile>
    <default_profile_image>false</default_profile_image>
    <is_translator>false</is_translator>
  </user>
  <geo/>
  <coordinates/>
  <place/>
  <contributors/>
</status>
<status>
  <created_at>Wed Apr 20 20:52:15 +0000 2011</created_at>
  <id>60808017754603520</id>
  <text>RT @hoverbird: Everybody thinks &quot;The Social Network&quot; is the best movie about forming a new startup, but they are wrong. The best movie i ...</text>
  <source>&lt;a href=&quot;http://mobile.twitter.com&quot; rel=&quot;nofollow&quot;&gt;Twitter for Android&lt;/a&gt;</source>
  <truncated>true</truncated>
  <favorited>false</favorited>
  <in_reply_to_status_id></in_reply_to_status_id>
  <in_reply_to_user_id></in_reply_to_user_id>
  <in_reply_to_screen_name></in_reply_to_screen_name>
  <retweet_count>100+</retweet_count>
  <retweeted>false</retweeted>
  <retweeted_status>
    <created_at>Wed Apr 06 18:47:01 +0000 2011</created_at>
    <id>55703069324873728</id>
    <text>Everybody thinks &quot;The Social Network&quot; is the best movie about forming a new startup, but they are wrong. The best movie is &quot;Ghostbusters&quot;.</text>
    <source>&lt;a href=&quot;http://itunes.apple.com/us/app/twitter/id409789998?mt=12&quot; rel=&quot;nofollow&quot;&gt;Twitter for Mac&lt;/a&gt;</source>
    <truncated>false</truncated>
    <favorited>false</favorited>
    <in_reply_to_status_id></in_reply_to_status_id>
    <in_reply_to_user_id></in_reply_to_user_id>
    <in_reply_to_screen_name></in_reply_to_screen_name>
    <retweet_count>100+</retweet_count>
    <retweeted>false</retweeted>
    <user>
      <id>792690</id>
      <name>Patrick Ewing</name>
      <screen_name>hoverbird</screen_name>
      <location>Sane Francisco</location>
      <description>Vector of enthusiasm. Tech lead on Twitter's Web Client team. I follow the code of Ruby, JavaScript &amp; http://t.co/vTmgS7L</description>
      <profile_image_url>http://a2.twimg.com/profile_images/1268256803/cropped_normal.jpg</profile_image_url>
      <url>http://t.co/QXois9Q</url>
      <protected>false</protected>
      <followers_count>51878</followers_count>
      <profile_background_color>b2be63</profile_background_color>
      <profile_text_color>29230d</profile_text_color>
      <profile_link_color>61351f</profile_link_color>
      <profile_sidebar_fill_color>a0b34a</profile_sidebar_fill_color>
      <profile_sidebar_border_color>a1b44f</profile_sidebar_border_color>
      <friends_count>765</friends_count>
      <created_at>Sat Feb 24 18:13:15 +0000 2007</created_at>
      <favourites_count>1482</favourites_count>
      <utc_offset>-28800</utc_offset>
      <time_zone>Pacific Time (US &amp; Canada)</time_zone>
      <profile_background_image_url>http://a2.twimg.com/profile_background_images/113507697/cheerfulchirp_36_12284.jpg</profile_background_image_url>
      <profile_background_tile>false</profile_background_tile>
      <profile_use_background_image>true</profile_use_background_image>
      <notifications>false</notifications>
      <geo_enabled>true</geo_enabled>
      <verified>false</verified>
      <following>false</following>
      <statuses_count>3793</statuses_count>
      <lang>en</lang>
      <contributors_enabled>false</contributors_enabled>
      <follow_request_sent>false</follow_request_sent>
      <listed_count>349</listed_count>
      <show_all_inline_media>true</show_all_inline_media>
      <default_profile>false</default_profile>
      <default_profile_image>false</default_profile_image>
      <expanded_url>http://patrickewing.info</expanded_url>
      <display_url>patrickewing.info</display_url>
      <is_translator>false</is_translator>
    </user>
    <geo/>
    <coordinates/>
    <place/>
    <contributors/>
  </retweeted_status>
  <user>
    <id>90187149</id>
    <name>Sarah Tidy</name>
    <screen_name>bu77er7ar7</screen_name>
    <location></location>
    <description></description>
    <profile_image_url>http://a3.twimg.com/profile_images/1165642248/jQa13bf7_normal</profile_image_url>
    <url></url>
    <protected>false</protected>
    <followers_count>33</followers_count>
    <profile_background_color>C0DEED</profile_background_color>
    <profile_text_color>333333</profile_text_color>
    <profile_link_color>0084B4</profile_link_color>
    <profile_sidebar_fill_color>DDEEF6</profile_sidebar_fill_color>
    <profile_sidebar_border_color>C0DEED</profile_sidebar_border_color>
    <friends_count>80</friends_count>
    <created_at>Sun Nov 15 15:54:32 +0000 2009</created_at>
    <favourites_count>7</favourites_count>
    <utc_offset></utc_offset>
    <time_zone></time_zone>
    <profile_background_image_url>http://a3.twimg.com/a/1302646548/images/themes/theme1/bg.png</profile_background_image_url>
    <profile_background_tile>false</profile_background_tile>
    <profile_use_background_image>true</profile_use_background_image>
    <notifications>false</notifications>
    <geo_enabled>false</geo_enabled>
    <verified>false</verified>
    <following>true</following>
    <statuses_count>112</statuses_count>
    <lang>en</lang>
    <contributors_enabled>false</contributors_enabled>
    <follow_request_sent>false</follow_request_sent>
    <listed_count>0</listed_count>
    <show_all_inline_media>false</show_all_inline_media>
    <default_profile>true</default_profile>
    <default_profile_image>false</default_profile_image>
    <is_translator>false</is_translator>
  </user>
  <geo/>
  <coordinates/>
  <place/>
  <contributors/>
</status>
</statuses>